ImageNumber,ObjectNumber,Treatment,Prediction,EM_Score
8,3,M,E,0.0
8,4,M,M,1.0
8,7,M,E,0.0
8,9,M,E,0.0
8,10,M,E,0.0
8,11,M,E,0.0
8,12,M,E,0.0
8,13,M,E,0.0
8,14,M,E,0.0
8,15,M,E,0.0
8,16,M,E,0.0
8,17,M,E,0.0
8,18,M,E,0.0
8,19,M,E,0.0
8,20,M,M,1.0
8,21,M,E,0.0
8,22,M,E,0.0
8,23,M,E,0.0
8,24,M,M,1.0
8,25,M,E,0.0
8,26,M,E,0.0
8,27,M,E,0.0
8,28,M,E,0.0
8,30,M,E,0.0
8,31,M,E,0.0
8,32,M,E,0.0
8,33,M,M,1.0
8,34,M,E,0.0
8,35,M,E,0.0
8,36,M,M,1.0
8,37,M,M,1.0
8,40,M,E,0.0
8,41,M,E,0.0
8,42,M,E,0.0
8,43,M,E,0.0
8,44,M,E,0.0
8,45,M,E,0.0
8,46,M,E,0.0
8,48,M,E,0.0
8,50,M,E,0.0
8,51,M,M,1.0
8,52,M,E,0.0
8,53,M,E,0.0
8,55,M,E,0.0
8,56,M,E,0.0
8,57,M,E,0.0
8,58,M,E,0.0
8,61,M,M,1.0
8,62,M,E,0.0
8,63,M,M,1.0
8,64,M,E,0.0
8,65,M,E,0.0
8,66,M,M,1.0
8,67,M,E,0.0
8,68,M,E,0.0
8,69,M,E,0.0
8,70,M,E,0.0
8,71,M,E,0.0
8,72,M,E,0.0
8,73,M,E,0.0
8,74,M,E,0.0
8,75,M,E,0.0
8,76,M,E,0.0
8,77,M,E,0.0
8,78,M,E,0.0
8,79,M,E,0.0
8,80,M,E,0.0
8,82,M,E,0.0
8,83,M,E,0.0
8,84,M,M,1.0
8,85,M,E,0.0
8,88,M,M,1.0
8,89,M,E,0.0
8,90,M,E,0.0
8,91,M,E,0.0
8,92,M,M,1.0
8,94,M,E,0.0
8,95,M,E,0.0
8,96,M,E,0.0
8,97,M,E,0.0
8,98,M,E,0.0
8,99,M,E,0.0
8,101,M,M,1.0
8,102,M,E,0.0
8,103,M,M,1.0
8,104,M,E,0.0
8,105,M,E,0.0
8,107,M,E,0.0
8,108,M,E,0.0
8,109,M,E,0.0
8,110,M,E,0.0
8,111,M,E,0.0
8,112,M,E,0.0
8,113,M,E,0.0
8,114,M,E,0.0
8,115,M,E,0.0
8,116,M,E,0.0
8,117,M,M,1.0
8,118,M,M,1.0
8,119,M,E,0.0
8,120,M,E,0.0
8,121,M,E,0.0
8,122,M,E,0.0
8,123,M,E,0.0
8,125,M,E,0.0
8,127,M,E,0.0
8,128,M,E,0.0
8,129,M,E,0.0
8,130,M,E,0.0
8,131,M,E,0.0
8,133,M,E,0.0
8,134,M,E,0.0
8,136,M,E,0.0
8,137,M,M,1.0
8,138,M,E,0.0
8,139,M,E,0.0
8,140,M,E,0.0
8,141,M,E,0.0
8,142,M,E,0.0
8,143,M,E,0.0
8,144,M,E,0.0
8,145,M,E,0.0
8,146,M,E,0.0
8,147,M,E,0.0
8,148,M,E,0.0
8,149,M,E,0.0
8,150,M,E,0.0
8,151,M,E,0.0
8,152,M,E,0.0
8,153,M,E,0.0
8,155,M,M,1.0
8,158,M,E,0.0
8,159,M,E,0.0
8,160,M,E,0.0
8,161,M,E,0.0
8,162,M,M,1.0
8,163,M,E,0.0
8,164,M,E,0.0
8,165,M,E,0.0
8,166,M,M,1.0
8,167,M,E,0.0
9,1,M,M,1.0
9,2,M,E,0.0
9,3,M,E,0.0
9,4,M,E,0.0
9,6,M,E,0.0
9,7,M,E,0.0
9,8,M,M,1.0
9,9,M,M,1.0
9,10,M,E,0.0
9,11,M,E,0.0
9,12,M,M,1.0
9,13,M,M,1.0
9,15,M,E,0.0
9,16,M,M,1.0
9,17,M,E,0.0
9,19,M,E,0.0
9,20,M,E,0.0
9,21,M,M,1.0
9,22,M,E,0.0
9,24,M,M,1.0
9,25,M,M,1.0
9,26,M,E,0.0
9,28,M,E,0.0
9,31,M,E,0.0
9,32,M,E,0.0
9,33,M,E,0.0
9,34,M,E,0.0
9,35,M,E,0.0
9,36,M,E,0.0
9,37,M,M,1.0
9,38,M,E,0.0
9,39,M,E,0.0
9,40,M,E,0.0
9,41,M,E,0.0
9,43,M,E,0.0
9,45,M,E,0.0
9,46,M,E,0.0
9,47,M,E,0.0
9,48,M,M,1.0
9,50,M,E,0.0
9,51,M,E,0.0
9,52,M,E,0.0
9,53,M,E,0.0
9,54,M,E,0.0
9,55,M,E,0.0
9,56,M,E,0.0
9,57,M,E,0.0
9,59,M,E,0.0
9,60,M,E,0.0
9,61,M,E,0.0
9,62,M,E,0.0
9,63,M,M,1.0
9,68,M,E,0.0
9,69,M,E,0.0
9,71,M,E,0.0
9,74,M,E,0.0
9,78,M,E,0.0
9,82,M,E,0.0
9,84,M,E,0.0
9,86,M,E,0.0
9,88,M,M,1.0
9,89,M,E,0.0
9,90,M,E,0.0
9,91,M,E,0.0
9,92,M,E,0.0
9,94,M,E,0.0
9,95,M,E,0.0
9,96,M,E,0.0
9,99,M,M,1.0
9,100,M,E,0.0
9,101,M,E,0.0
9,103,M,E,0.0
9,106,M,E,0.0
9,107,M,M,1.0
9,108,M,E,0.0
9,109,M,E,0.0
9,110,M,M,1.0
9,111,M,M,1.0
9,112,M,M,1.0
9,114,M,E,0.0
10,2,M,M,1.0
10,3,M,E,0.0
10,4,M,E,0.0
10,7,M,M,1.0
10,9,M,M,1.0
10,10,M,E,0.0
10,12,M,E,0.0
10,13,M,M,1.0
10,16,M,E,0.0
10,19,M,E,0.0
10,21,M,E,0.0
10,23,M,E,0.0
10,24,M,E,0.0
10,25,M,E,0.0
10,26,M,E,0.0
10,27,M,E,0.0
10,28,M,E,0.0
10,29,M,M,1.0
10,30,M,E,0.0
10,31,M,E,0.0
10,32,M,E,0.0
10,33,M,E,0.0
10,35,M,E,0.0
10,36,M,M,1.0
10,37,M,E,0.0
10,38,M,E,0.0
10,39,M,E,0.0
10,40,M,E,0.0
10,41,M,E,0.0
10,43,M,E,0.0
10,44,M,E,0.0
10,46,M,E,0.0
10,47,M,E,0.0
10,49,M,M,1.0
10,50,M,E,0.0
10,53,M,E,0.0
10,54,M,E,0.0
10,55,M,M,1.0
10,58,M,M,1.0
10,59,M,E,0.0
10,60,M,E,0.0
10,61,M,E,0.0
10,62,M,M,1.0
10,63,M,E,0.0
10,64,M,E,0.0
10,65,M,M,1.0
10,66,M,E,0.0
10,67,M,E,0.0
10,68,M,M,1.0
10,69,M,E,0.0
10,70,M,E,0.0
10,71,M,E,0.0
10,75,M,E,0.0
10,76,M,E,0.0
10,78,M,E,0.0
10,79,M,M,1.0
10,80,M,E,0.0
10,82,M,E,0.0
10,83,M,E,0.0
10,86,M,E,0.0
10,88,M,E,0.0
10,90,M,E,0.0
10,94,M,M,1.0
10,95,M,M,1.0
10,96,M,E,0.0
10,97,M,E,0.0
10,99,M,E,0.0
11,1,M,E,0.0
11,2,M,E,0.0
11,3,M,E,0.0
11,4,M,M,1.0
11,5,M,E,0.0
11,7,M,M,1.0
11,8,M,M,1.0
11,10,M,E,0.0
11,12,M,M,1.0
11,13,M,E,0.0
11,14,M,E,0.0
11,15,M,M,1.0
11,16,M,M,1.0
11,17,M,E,0.0
11,18,M,E,0.0
11,23,M,E,0.0
11,24,M,E,0.0
11,25,M,E,0.0
11,28,M,E,0.0
11,29,M,E,0.0
11,30,M,E,0.0
11,31,M,E,0.0
11,33,M,E,0.0
11,34,M,E,0.0
11,36,M,E,0.0
11,37,M,E,0.0
11,39,M,M,1.0
11,40,M,M,1.0
11,41,M,M,1.0
11,44,M,E,0.0
11,46,M,E,0.0
11,48,M,M,1.0
11,49,M,E,0.0
11,50,M,E,0.0
11,52,M,E,0.0
11,53,M,E,0.0
11,57,M,M,1.0
11,60,M,E,0.0
11,61,M,E,0.0
11,62,M,E,0.0
11,63,M,E,0.0
11,64,M,M,1.0
11,65,M,E,0.0
11,66,M,M,1.0
11,67,M,E,0.0
11,69,M,E,0.0
11,70,M,E,0.0
11,72,M,E,0.0
11,73,M,E,0.0
11,74,M,E,0.0
11,76,M,E,0.0
11,77,M,M,1.0
11,80,M,E,0.0
11,81,M,E,0.0
11,82,M,E,0.0
11,83,M,E,0.0
11,84,M,M,1.0
11,86,M,M,1.0
11,87,M,E,0.0
11,88,M,E,0.0
11,89,M,E,0.0
11,91,M,E,0.0
12,14,M,E,0.0
12,16,M,E,0.0
12,18,M,E,0.0
12,19,M,E,0.0
12,24,M,E,0.0
12,25,M,M,1.0
12,27,M,E,0.0
12,31,M,E,0.0
12,33,M,E,0.0
12,35,M,M,1.0
12,37,M,E,0.0
12,39,M,E,0.0
12,42,M,E,0.0
12,44,M,E,0.0
12,48,M,E,0.0
12,49,M,E,0.0
12,51,M,E,0.0
12,52,M,M,1.0
12,53,M,E,0.0
12,55,M,E,0.0
12,58,M,E,0.0
12,59,M,E,0.0
12,60,M,E,0.0
12,61,M,E,0.0
12,62,M,E,0.0
12,63,M,E,0.0
12,64,M,E,0.0
12,65,M,E,0.0
12,66,M,E,0.0
12,67,M,E,0.0
12,68,M,E,0.0
12,69,M,E,0.0
12,70,M,E,0.0
12,71,M,E,0.0
12,72,M,E,0.0
12,73,M,E,0.0
12,75,M,E,0.0
12,76,M,M,1.0
12,77,M,E,0.0
12,78,M,E,0.0
12,81,M,E,0.0
12,82,M,E,0.0
12,83,M,E,0.0
12,84,M,M,1.0
12,87,M,E,0.0
12,90,M,E,0.0
12,91,M,E,0.0
12,94,M,E,0.0
12,98,M,E,0.0
13,2,M,E,0.0
13,3,M,M,1.0
13,4,M,E,0.0
13,5,M,E,0.0
13,6,M,E,0.0
13,7,M,E,0.0
13,8,M,E,0.0
13,9,M,E,0.0
13,10,M,E,0.0
13,11,M,E,0.0
13,12,M,E,0.0
13,13,M,M,1.0
13,14,M,M,1.0
13,15,M,E,0.0
13,17,M,E,0.0
13,18,M,M,1.0
13,19,M,M,1.0
13,21,M,M,1.0
13,22,M,M,1.0
13,23,M,M,1.0
13,24,M,M,1.0
13,25,M,E,0.0
13,26,M,M,1.0
13,28,M,M,1.0
13,29,M,M,1.0
13,30,M,E,0.0
13,31,M,E,0.0
13,32,M,E,0.0
13,33,M,E,0.0
13,34,M,E,0.0
13,35,M,E,0.0
13,36,M,E,0.0
13,37,M,E,0.0
13,38,M,M,1.0
13,39,M,E,0.0
13,40,M,E,0.0
13,41,M,E,0.0
13,42,M,M,1.0
13,44,M,E,0.0
13,45,M,E,0.0
13,46,M,M,1.0
13,47,M,E,0.0
13,48,M,E,0.0
13,49,M,E,0.0
13,50,M,E,0.0
13,51,M,E,0.0
13,52,M,M,1.0
13,53,M,E,0.0
13,54,M,E,0.0
13,55,M,E,0.0
13,56,M,E,0.0
13,57,M,E,0.0
13,58,M,M,1.0
13,59,M,E,0.0
13,60,M,E,0.0
13,62,M,E,0.0
13,63,M,E,0.0
13,64,M,E,0.0
14,4,M,E,0.0
14,6,M,E,0.0
14,7,M,E,0.0
14,8,M,E,0.0
14,9,M,E,0.0
14,10,M,M,1.0
14,11,M,E,0.0
14,12,M,E,0.0
14,14,M,M,1.0
14,15,M,M,1.0
14,16,M,E,0.0
14,17,M,E,0.0
14,18,M,E,0.0
14,19,M,E,0.0
14,20,M,M,1.0
14,21,M,E,0.0
14,22,M,E,0.0
14,24,M,E,0.0
14,25,M,E,0.0
14,26,M,M,1.0
14,27,M,E,0.0
14,28,M,M,1.0
14,29,M,E,0.0
14,30,M,E,0.0
14,31,M,E,0.0
14,32,M,E,0.0
14,33,M,M,1.0
14,34,M,E,0.0
14,35,M,E,0.0
14,36,M,E,0.0
14,37,M,E,0.0
14,38,M,E,0.0
14,39,M,M,1.0
14,40,M,E,0.0
14,41,M,E,0.0
14,42,M,E,0.0
14,43,M,E,0.0
14,44,M,E,0.0
14,45,M,E,0.0
14,46,M,E,0.0
14,47,M,E,0.0
14,48,M,E,0.0
14,49,M,M,1.0
14,50,M,E,0.0
14,51,M,M,1.0
14,52,M,E,0.0
14,55,M,E,0.0
14,56,M,E,0.0
14,57,M,E,0.0
14,58,M,E,0.0
14,59,M,M,1.0
14,60,M,E,0.0
14,61,M,E,0.0
14,62,M,E,0.0
14,64,M,E,0.0
14,65,M,E,0.0
14,66,M,M,1.0
14,67,M,E,0.0
14,68,M,M,1.0
14,69,M,M,1.0
14,70,M,E,0.0
14,71,M,E,0.0
14,72,M,M,1.0
14,73,M,E,0.0
14,74,M,E,0.0
14,75,M,E,0.0
14,76,M,E,0.0
14,78,M,E,0.0
14,81,M,M,1.0
14,82,M,E,0.0
15,1,M,E,0.0
15,2,M,E,0.0
15,3,M,E,0.0
15,5,M,E,0.0
15,7,M,M,1.0
15,9,M,M,1.0
15,13,M,E,0.0
15,14,M,M,1.0
15,15,M,E,0.0
15,18,M,E,0.0
15,19,M,M,1.0
15,20,M,E,0.0
15,22,M,E,0.0
15,23,M,E,0.0
15,24,M,E,0.0
15,25,M,M,1.0
15,27,M,E,0.0
15,28,M,M,1.0
15,29,M,E,0.0
15,30,M,M,1.0
15,31,M,E,0.0
15,32,M,E,0.0
15,33,M,E,0.0
15,34,M,E,0.0
15,35,M,E,0.0
15,36,M,M,1.0
15,37,M,E,0.0
15,38,M,E,0.0
15,39,M,M,1.0
15,40,M,M,1.0
15,41,M,E,0.0
15,42,M,E,0.0
15,43,M,M,1.0
15,44,M,M,1.0
15,45,M,M,1.0
15,46,M,E,0.0
15,47,M,E,0.0
15,48,M,E,0.0
15,49,M,M,1.0
15,50,M,E,0.0
15,51,M,M,1.0
15,54,M,E,0.0
15,55,M,E,0.0
15,56,M,M,1.0
15,57,M,E,0.0
15,58,M,M,1.0
15,59,M,E,0.0
15,60,M,E,0.0
15,63,M,E,0.0
15,64,M,E,0.0
15,65,M,E,0.0
15,66,M,E,0.0
15,67,M,M,1.0
15,68,M,E,0.0
15,69,M,E,0.0
15,70,M,E,0.0
15,71,M,M,1.0
15,72,M,E,0.0
15,73,M,M,1.0
15,74,M,M,1.0
15,75,M,M,1.0
15,76,M,M,1.0
15,78,M,E,0.0
15,79,M,E,0.0
15,80,M,E,0.0
15,81,M,M,1.0
15,83,M,E,0.0
15,85,M,E,0.0
15,86,M,E,0.0
15,87,M,E,0.0
15,88,M,E,0.0
15,89,M,E,0.0
15,90,M,E,0.0
15,91,M,E,0.0
15,92,M,E,0.0
15,93,M,M,1.0
15,94,M,E,0.0
15,95,M,E,0.0
15,96,M,E,0.0
16,5,M,E,0.0
16,6,M,M,1.0
16,7,M,E,0.0
16,9,M,M,1.0
16,10,M,M,1.0
16,12,M,E,0.0
16,15,M,E,0.0
16,16,M,E,0.0
16,17,M,E,0.0
16,19,M,E,0.0
16,20,M,E,0.0
16,21,M,E,0.0
16,22,M,M,1.0
16,23,M,E,0.0
16,24,M,E,0.0
16,26,M,E,0.0
16,27,M,E,0.0
16,28,M,E,0.0
16,30,M,E,0.0
16,31,M,E,0.0
16,32,M,E,0.0
16,33,M,M,1.0
16,34,M,E,0.0
16,35,M,M,1.0
16,36,M,M,1.0
16,37,M,E,0.0
16,38,M,M,1.0
16,39,M,M,1.0
16,40,M,M,1.0
16,41,M,E,0.0
16,42,M,E,0.0
16,43,M,M,1.0
17,1,M,E,0.0
17,2,M,E,0.0
17,4,M,E,0.0
17,6,M,M,1.0
17,7,M,M,1.0
17,8,M,E,0.0
17,9,M,E,0.0
17,10,M,M,1.0
17,11,M,M,1.0
17,12,M,E,0.0
17,14,M,E,0.0
17,15,M,E,0.0
18,8,M,M,1.0
18,10,M,M,1.0
18,11,M,M,1.0
18,12,M,E,0.0
18,14,M,E,0.0
18,15,M,M,1.0
18,16,M,M,1.0
18,17,M,E,0.0
18,18,M,E,0.0
18,19,M,E,0.0
18,20,M,E,0.0
18,21,M,E,0.0
18,22,M,E,0.0
18,23,M,E,0.0
18,24,M,E,0.0
18,25,M,E,0.0
18,26,M,E,0.0
18,27,M,E,0.0
18,28,M,E,0.0
18,29,M,E,0.0
18,30,M,E,0.0
18,31,M,E,0.0
18,32,M,E,0.0
18,33,M,E,0.0
18,34,M,E,0.0
18,35,M,E,0.0
18,36,M,E,0.0
18,37,M,E,0.0
18,38,M,E,0.0
18,39,M,E,0.0
18,40,M,E,0.0
18,41,M,E,0.0
18,43,M,M,1.0
18,44,M,E,0.0
18,45,M,E,0.0
18,46,M,E,0.0
18,47,M,E,0.0
18,48,M,M,1.0
18,49,M,E,0.0
18,51,M,E,0.0
19,3,M,E,0.0
19,4,M,M,1.0
19,6,M,M,1.0
19,8,M,E,0.0
19,9,M,E,0.0
19,11,M,E,0.0
19,12,M,M,1.0
19,13,M,E,0.0
19,14,M,E,0.0
19,15,M,E,0.0
19,17,M,E,0.0
19,18,M,E,0.0
19,19,M,M,1.0
19,20,M,E,0.0
19,21,M,E,0.0
19,22,M,E,0.0
19,23,M,M,1.0
19,24,M,M,1.0
19,25,M,M,1.0
19,26,M,E,0.0
19,27,M,E,0.0
19,28,M,M,1.0
19,29,M,M,1.0
19,30,M,E,0.0
19,32,M,E,0.0
19,33,M,M,1.0
19,34,M,M,1.0
19,35,M,E,0.0
19,36,M,E,0.0
19,37,M,E,0.0
19,38,M,E,0.0
19,39,M,M,1.0
19,40,M,E,0.0
19,41,M,M,1.0
19,42,M,E,0.0
19,43,M,M,1.0
19,44,M,E,0.0
19,45,M,E,0.0
19,46,M,M,1.0
19,48,M,M,1.0
19,49,M,M,1.0
19,50,M,M,1.0
19,51,M,M,1.0
19,52,M,E,0.0
19,54,M,E,0.0
19,55,M,E,0.0
19,56,M,E,0.0
19,57,M,M,1.0
19,58,M,M,1.0
19,59,M,E,0.0
19,61,M,E,0.0
19,63,M,E,0.0
19,64,M,M,1.0
19,65,M,E,0.0
19,66,M,M,1.0
19,67,M,M,1.0
19,68,M,E,0.0
19,70,M,E,0.0
19,71,M,M,1.0
19,72,M,E,0.0
19,73,M,M,1.0
19,74,M,E,0.0
19,75,M,E,0.0
19,76,M,E,0.0
19,77,M,E,0.0
19,78,M,E,0.0
19,79,M,E,0.0
19,80,M,E,0.0
19,81,M,E,0.0
19,82,M,E,0.0
19,83,M,E,0.0
19,84,M,E,0.0
19,85,M,E,0.0
19,86,M,E,0.0
19,87,M,E,0.0
19,88,M,E,0.0
19,89,M,M,1.0
19,90,M,M,1.0
19,91,M,E,0.0
19,93,M,M,1.0
19,94,M,M,1.0
19,95,M,E,0.0
19,98,M,M,1.0
19,99,M,E,0.0
19,100,M,E,0.0
19,101,M,M,1.0
19,102,M,E,0.0
19,103,M,E,0.0
19,105,M,M,1.0
19,106,M,E,0.0
19,107,M,E,0.0
19,108,M,E,0.0
19,109,M,E,0.0
19,110,M,M,1.0
19,111,M,E,0.0
19,112,M,E,0.0
19,113,M,M,1.0
19,114,M,E,0.0
19,115,M,E,0.0
19,116,M,E,0.0
19,117,M,E,0.0
19,118,M,E,0.0
19,119,M,E,0.0
19,120,M,E,0.0
19,121,M,M,1.0
19,122,M,E,0.0
19,123,M,E,0.0
19,124,M,E,0.0
19,125,M,E,0.0
19,126,M,E,0.0
19,127,M,E,0.0
19,129,M,E,0.0
19,130,M,E,0.0
19,131,M,E,0.0
19,134,M,E,0.0
19,135,M,E,0.0
19,136,M,E,0.0
19,137,M,E,0.0
19,138,M,E,0.0
19,139,M,E,0.0
19,140,M,E,0.0
19,141,M,E,0.0
19,142,M,E,0.0
19,143,M,E,0.0
19,145,M,E,0.0
19,146,M,E,0.0
19,147,M,E,0.0
19,148,M,M,1.0
19,149,M,E,0.0
19,150,M,E,0.0
19,151,M,E,0.0
19,152,M,M,1.0
19,153,M,E,0.0
19,154,M,E,0.0
19,155,M,E,0.0
19,157,M,E,0.0
19,158,M,E,0.0
19,159,M,E,0.0
19,161,M,E,0.0
19,162,M,E,0.0
19,163,M,E,0.0
19,164,M,E,0.0
19,165,M,E,0.0
19,166,M,E,0.0
19,167,M,E,0.0
19,168,M,E,0.0
19,169,M,E,0.0
19,170,M,M,1.0
19,171,M,E,0.0
19,172,M,E,0.0
19,173,M,E,0.0
19,174,M,M,1.0
19,175,M,E,0.0
19,176,M,E,0.0
19,177,M,E,0.0
19,178,M,E,0.0
19,179,M,E,0.0
19,181,M,E,0.0
19,182,M,E,0.0
19,183,M,M,1.0
19,184,M,E,0.0
19,185,M,M,1.0
19,186,M,E,0.0
19,187,M,E,0.0
19,189,M,E,0.0
19,191,M,E,0.0
19,194,M,E,0.0
19,195,M,M,1.0
19,197,M,E,0.0
19,198,M,E,0.0
23,1,M,E,0.0
23,2,M,E,0.0
23,4,M,E,0.0
23,6,M,E,0.0
23,7,M,E,0.0
23,8,M,E,0.0
23,9,M,E,0.0
23,10,M,E,0.0
23,12,M,E,0.0
23,14,M,M,1.0
23,15,M,E,0.0
23,16,M,E,0.0
23,18,M,E,0.0
23,19,M,M,1.0
23,20,M,E,0.0
23,21,M,E,0.0
23,22,M,M,1.0
23,23,M,E,0.0
23,25,M,E,0.0
23,26,M,E,0.0
23,27,M,E,0.0
23,28,M,E,0.0
23,29,M,E,0.0
23,30,M,E,0.0
23,31,M,E,0.0
23,32,M,E,0.0
23,33,M,M,1.0
23,34,M,E,0.0
23,35,M,M,1.0
23,36,M,E,0.0
23,37,M,E,0.0
23,38,M,E,0.0
23,39,M,E,0.0
23,40,M,E,0.0
23,41,M,E,0.0
23,42,M,E,0.0
23,43,M,E,0.0
23,44,M,E,0.0
23,45,M,M,1.0
23,46,M,E,0.0
23,47,M,M,1.0
23,48,M,E,0.0
23,49,M,E,0.0
23,50,M,E,0.0
23,51,M,E,0.0
23,52,M,E,0.0
23,54,M,M,1.0
23,55,M,M,1.0
23,56,M,E,0.0
23,57,M,E,0.0
23,58,M,E,0.0
23,59,M,E,0.0
23,60,M,E,0.0
23,61,M,M,1.0
23,62,M,E,0.0
23,63,M,E,0.0
23,64,M,E,0.0
23,65,M,E,0.0
23,67,M,E,0.0
23,68,M,E,0.0
23,69,M,E,0.0
23,70,M,E,0.0
23,71,M,E,0.0
23,72,M,E,0.0
23,73,M,E,0.0
23,74,M,E,0.0
23,75,M,E,0.0
23,77,M,E,0.0
23,78,M,E,0.0
23,79,M,E,0.0
23,80,M,M,1.0
23,81,M,E,0.0
23,82,M,E,0.0
23,83,M,E,0.0
23,84,M,E,0.0
23,86,M,E,0.0
23,87,M,E,0.0
23,88,M,E,0.0
23,89,M,E,0.0
23,90,M,E,0.0
23,91,M,E,0.0
23,92,M,E,0.0
23,93,M,E,0.0
23,94,M,E,0.0
23,96,M,E,0.0
23,97,M,E,0.0
23,98,M,E,0.0
23,99,M,E,0.0
23,100,M,E,0.0
23,102,M,M,1.0
27,1,M,E,0.0
27,3,M,E,0.0
27,8,M,E,0.0
27,9,M,E,0.0
27,11,M,E,0.0
27,12,M,E,0.0
27,14,M,E,0.0
27,15,M,E,0.0
27,17,M,E,0.0
27,18,M,M,1.0
27,20,M,E,0.0
27,21,M,E,0.0
27,22,M,E,0.0
27,24,M,E,0.0
28,1,M,E,0.0
28,2,M,M,1.0
28,4,M,E,0.0
28,6,M,E,0.0
28,7,M,E,0.0
28,8,M,E,0.0
28,9,M,E,0.0
28,10,M,E,0.0
28,11,M,E,0.0
28,12,M,E,0.0
28,14,M,E,0.0
28,15,M,E,0.0
28,18,M,E,0.0
28,19,M,E,0.0
28,20,M,M,1.0
28,21,M,E,0.0
28,22,M,E,0.0
28,23,M,E,0.0
28,24,M,M,1.0
28,25,M,E,0.0
28,26,M,M,1.0
28,27,M,E,0.0
28,28,M,E,0.0
28,29,M,M,1.0
28,30,M,M,1.0
28,31,M,M,1.0
28,32,M,M,1.0
28,33,M,E,0.0
28,34,M,M,1.0
28,35,M,E,0.0
28,36,M,E,0.0
28,37,M,E,0.0
28,38,M,E,0.0
28,39,M,M,1.0
28,40,M,E,0.0
28,41,M,E,0.0
28,43,M,M,1.0
28,45,M,E,0.0
28,46,M,E,0.0
28,47,M,E,0.0
28,48,M,E,0.0
29,1,M,E,0.0
29,2,M,E,0.0
29,3,M,E,0.0
29,4,M,M,1.0
29,5,M,M,1.0
29,6,M,E,0.0
29,7,M,E,0.0
29,8,M,E,0.0
29,9,M,M,1.0
29,10,M,E,0.0
29,11,M,E,0.0
29,12,M,E,0.0
29,13,M,E,0.0
29,14,M,M,1.0
29,15,M,E,0.0
29,16,M,E,0.0
29,17,M,E,0.0
29,18,M,M,1.0
29,19,M,E,0.0
29,20,M,E,0.0
29,21,M,E,0.0
29,22,M,M,1.0
29,23,M,E,0.0
29,24,M,M,1.0
29,25,M,M,1.0
29,26,M,E,0.0
29,27,M,E,0.0
29,28,M,M,1.0
29,29,M,M,1.0
29,30,M,E,0.0
29,31,M,M,1.0
29,32,M,E,0.0
29,33,M,E,0.0
29,34,M,E,0.0
29,35,M,E,0.0
29,36,M,E,0.0
29,37,M,E,0.0
29,38,M,M,1.0
29,39,M,M,1.0
29,40,M,E,0.0
29,41,M,E,0.0
29,42,M,E,0.0
29,43,M,E,0.0
29,44,M,E,0.0
29,45,M,M,1.0
29,46,M,E,0.0
29,48,M,E,0.0
29,49,M,E,0.0
29,50,M,E,0.0
29,51,M,E,0.0
29,52,M,E,0.0
30,1,M,M,1.0
30,2,M,E,0.0
30,3,M,E,0.0
30,4,M,E,0.0
30,5,M,E,0.0
30,6,M,E,0.0
30,7,M,E,0.0
30,8,M,E,0.0
30,9,M,M,1.0
30,10,M,E,0.0
30,12,M,E,0.0
30,13,M,E,0.0
30,14,M,M,1.0
30,15,M,E,0.0
30,16,M,M,1.0
30,17,M,M,1.0
30,19,M,E,0.0
30,20,M,E,0.0
30,21,M,E,0.0
30,22,M,E,0.0
30,23,M,E,0.0
30,24,M,E,0.0
30,25,M,E,0.0
30,26,M,M,1.0
30,27,M,M,1.0
30,28,M,E,0.0
30,29,M,M,1.0
30,30,M,M,1.0
30,32,M,M,1.0
30,33,M,E,0.0
30,34,M,E,0.0
30,35,M,M,1.0
30,36,M,E,0.0
30,37,M,M,1.0
30,38,M,E,0.0
30,39,M,E,0.0
30,40,M,E,0.0
30,42,M,E,0.0
30,43,M,E,0.0
30,44,M,M,1.0
30,45,M,E,0.0
30,46,M,E,0.0
30,48,M,M,1.0
30,49,M,E,0.0
30,50,M,E,0.0
30,51,M,E,0.0
30,52,M,E,0.0
30,53,M,E,0.0
30,54,M,E,0.0
30,55,M,E,0.0
30,56,M,E,0.0
30,57,M,E,0.0
30,59,M,M,1.0
30,63,M,E,0.0
30,64,M,M,1.0
30,65,M,E,0.0
30,67,M,E,0.0
32,2,M,E,0.0
32,3,M,E,0.0
32,5,M,E,0.0
32,7,M,E,0.0
32,8,M,E,0.0
32,11,M,M,1.0
32,13,M,E,0.0
32,14,M,E,0.0
32,16,M,E,0.0
32,17,M,E,0.0
32,18,M,E,0.0
32,19,M,E,0.0
32,20,M,E,0.0
32,21,M,E,0.0
32,22,M,E,0.0
32,24,M,E,0.0
32,25,M,E,0.0
32,26,M,M,1.0
32,27,M,M,1.0
32,28,M,E,0.0
32,29,M,E,0.0
32,31,M,E,0.0
32,34,M,E,0.0
38,2,M,E,0.0
38,3,M,M,1.0
38,4,M,E,0.0
38,5,M,M,1.0
38,6,M,E,0.0
38,7,M,E,0.0
38,10,M,E,0.0
38,11,M,E,0.0
38,12,M,E,0.0
38,14,M,E,0.0
38,15,M,E,0.0
38,16,M,E,0.0
38,18,M,E,0.0
38,19,M,E,0.0
38,20,M,M,1.0
38,21,M,M,1.0
38,22,M,M,1.0
38,23,M,E,0.0
38,24,M,M,1.0
38,25,M,E,0.0
38,27,M,E,0.0
38,28,M,M,1.0
38,29,M,E,0.0
38,30,M,E,0.0
38,33,M,E,0.0
38,34,M,E,0.0
38,35,M,E,0.0
38,36,M,E,0.0
38,37,M,E,0.0
38,39,M,E,0.0
38,40,M,E,0.0
38,42,M,E,0.0
38,43,M,M,1.0
38,45,M,E,0.0
38,47,M,E,0.0
38,48,M,E,0.0
38,51,M,M,1.0
38,52,M,E,0.0
38,53,M,E,0.0
38,55,M,E,0.0
38,56,M,E,0.0
38,57,M,M,1.0
38,58,M,M,1.0
41,1,M,E,0.0
41,2,M,E,0.0
41,3,M,E,0.0
41,4,M,E,0.0
41,5,M,M,1.0
41,6,M,E,0.0
41,7,M,E,0.0
41,8,M,E,0.0
41,9,M,E,0.0
41,10,M,E,0.0
41,11,M,E,0.0
41,15,M,E,0.0
41,17,M,E,0.0
41,18,M,E,0.0
41,19,M,E,0.0
41,20,M,E,0.0
41,21,M,E,0.0
41,22,M,E,0.0
41,23,M,E,0.0
41,25,M,E,0.0
41,26,M,E,0.0
41,27,M,E,0.0
41,28,M,E,0.0
41,29,M,M,1.0
41,30,M,E,0.0
41,31,M,E,0.0
41,32,M,E,0.0
41,33,M,E,0.0
41,34,M,E,0.0
41,35,M,E,0.0
41,37,M,E,0.0
41,38,M,M,1.0
41,39,M,E,0.0
41,40,M,E,0.0
41,41,M,E,0.0
41,42,M,M,1.0
41,43,M,E,0.0
41,44,M,E,0.0
41,45,M,E,0.0
41,46,M,E,0.0
41,47,M,M,1.0
41,48,M,E,0.0
41,49,M,M,1.0
41,50,M,M,1.0
41,51,M,E,0.0
41,53,M,M,1.0
41,54,M,E,0.0
41,55,M,E,0.0
41,56,M,E,0.0
41,57,M,E,0.0
41,58,M,M,1.0
41,59,M,M,1.0
41,60,M,E,0.0
41,62,M,E,0.0
41,63,M,E,0.0
41,64,M,M,1.0
41,66,M,M,1.0
41,67,M,E,0.0
41,68,M,E,0.0
41,69,M,E,0.0
41,70,M,M,1.0
41,71,M,E,0.0
41,72,M,E,0.0
41,73,M,E,0.0
41,74,M,M,1.0
41,76,M,M,1.0
41,77,M,E,0.0
41,78,M,E,0.0
41,79,M,E,0.0
41,80,M,E,0.0
41,81,M,M,1.0
41,82,M,E,0.0
41,83,M,E,0.0
41,84,M,E,0.0
41,86,M,M,1.0
41,87,M,E,0.0
41,88,M,M,1.0
41,89,M,E,0.0
41,90,M,E,0.0
41,91,M,E,0.0
41,92,M,E,0.0
41,93,M,E,0.0
41,94,M,E,0.0
41,95,M,E,0.0
41,96,M,M,1.0
41,97,M,E,0.0
41,98,M,E,0.0
55,1,M,E,0.0
55,2,M,M,1.0
55,3,M,M,1.0
55,4,M,E,0.0
55,5,M,E,0.0
55,7,M,M,1.0
55,9,M,M,1.0
55,10,M,E,0.0
55,11,M,E,0.0
55,12,M,E,0.0
55,14,M,E,0.0
55,18,M,M,1.0
55,19,M,E,0.0
55,20,M,E,0.0
55,23,M,E,0.0
55,24,M,E,0.0
55,25,M,E,0.0
55,26,M,E,0.0
55,27,M,E,0.0
59,1,M,M,1.0
59,3,M,E,0.0
59,5,M,E,0.0
59,7,M,E,0.0
59,10,M,E,0.0
59,11,M,M,1.0
59,14,M,E,0.0
59,15,M,M,1.0
59,17,M,E,0.0
59,18,M,E,0.0
59,20,M,M,1.0
59,21,M,E,0.0
59,25,M,E,0.0
59,26,M,M,1.0
59,27,M,E,0.0
59,28,M,E,0.0
59,30,M,E,0.0
59,31,M,M,1.0
59,32,M,E,0.0
59,33,M,E,0.0
59,34,M,E,0.0
59,35,M,E,0.0
59,37,M,E,0.0
59,38,M,E,0.0
59,39,M,E,0.0
59,40,M,M,1.0
59,41,M,M,1.0
59,42,M,E,0.0
59,43,M,E,0.0
59,44,M,E,0.0
59,45,M,E,0.0
59,46,M,E,0.0
59,47,M,M,1.0
59,48,M,E,0.0
59,49,M,E,0.0
59,50,M,E,0.0
59,51,M,E,0.0
59,52,M,M,1.0
59,53,M,M,1.0
59,54,M,E,0.0
59,55,M,E,0.0
59,56,M,M,1.0
59,57,M,M,1.0
59,58,M,M,1.0
59,59,M,E,0.0
59,60,M,E,0.0
59,61,M,E,0.0
59,62,M,E,0.0
59,63,M,M,1.0
59,64,M,E,0.0
59,65,M,M,1.0
59,66,M,M,1.0
59,67,M,E,0.0
59,69,M,M,1.0
59,71,M,E,0.0
59,72,M,M,1.0
60,2,M,E,0.0
60,3,M,E,0.0
60,4,M,E,0.0
60,5,M,E,0.0
60,7,M,E,0.0
60,8,M,E,0.0
60,9,M,E,0.0
60,10,M,E,0.0
60,11,M,E,0.0
60,13,M,E,0.0
60,15,M,E,0.0
60,18,M,E,0.0
60,19,M,E,0.0
60,20,M,E,0.0
60,21,M,E,0.0
60,22,M,E,0.0
60,23,M,E,0.0
60,24,M,M,1.0
60,25,M,E,0.0
60,26,M,M,1.0
60,27,M,M,1.0
60,28,M,E,0.0
60,30,M,M,1.0
60,31,M,E,0.0
60,32,M,M,1.0
60,33,M,E,0.0
60,34,M,E,0.0
60,35,M,E,0.0
60,36,M,E,0.0
60,37,M,E,0.0
60,39,M,M,1.0
61,2,M,E,0.0
61,4,M,E,0.0
61,5,M,E,0.0
61,7,M,E,0.0
61,8,M,M,1.0
61,9,M,M,1.0
61,10,M,E,0.0
61,11,M,E,0.0
61,12,M,E,0.0
61,14,M,E,0.0
61,15,M,M,1.0
61,16,M,E,0.0
61,17,M,M,1.0
61,18,M,M,1.0
61,19,M,E,0.0
61,20,M,M,1.0
61,21,M,M,1.0
61,23,M,E,0.0
61,28,M,M,1.0
61,29,M,M,1.0
61,30,M,E,0.0
61,31,M,E,0.0
61,32,M,E,0.0
61,33,M,E,0.0
61,34,M,E,0.0
61,35,M,E,0.0
61,36,M,E,0.0
61,37,M,E,0.0
61,38,M,E,0.0
61,40,M,E,0.0
61,43,M,E,0.0
61,44,M,M,1.0
61,45,M,E,0.0
61,46,M,M,1.0
61,47,M,E,0.0
61,48,M,E,0.0
61,49,M,M,1.0
61,50,M,E,0.0
61,51,M,E,0.0
61,52,M,E,0.0
61,53,M,M,1.0
61,54,M,M,1.0
61,55,M,E,0.0
61,56,M,E,0.0
61,57,M,E,0.0
61,58,M,M,1.0
61,59,M,E,0.0
61,60,M,M,1.0
61,61,M,E,0.0
61,62,M,E,0.0
62,1,M,E,0.0
62,2,M,E,0.0
62,3,M,E,0.0
62,4,M,M,1.0
62,5,M,M,1.0
62,6,M,E,0.0
62,7,M,E,0.0
62,8,M,M,1.0
62,9,M,M,1.0
62,10,M,E,0.0
62,11,M,M,1.0
62,12,M,M,1.0
62,13,M,M,1.0
62,14,M,E,0.0
62,15,M,E,0.0
62,16,M,E,0.0
62,17,M,M,1.0
62,18,M,E,0.0
62,19,M,E,0.0
62,20,M,E,0.0
62,21,M,E,0.0
62,23,M,M,1.0
62,24,M,E,0.0
62,25,M,E,0.0
62,26,M,E,0.0
62,27,M,M,1.0
62,28,M,E,0.0
62,29,M,M,1.0
62,30,M,E,0.0
62,31,M,E,0.0
62,33,M,M,1.0
62,35,M,E,0.0
62,36,M,E,0.0
62,39,M,E,0.0
62,40,M,E,0.0
62,41,M,E,0.0
62,42,M,E,0.0
62,43,M,M,1.0
62,44,M,E,0.0
62,45,M,E,0.0
62,46,M,E,0.0
62,47,M,E,0.0
62,48,M,E,0.0
62,49,M,E,0.0
62,50,M,M,1.0
62,51,M,E,0.0
62,52,M,E,0.0
62,53,M,E,0.0
62,54,M,E,0.0
76,1,M,M,1.0
76,2,M,M,1.0
76,3,M,M,1.0
76,4,M,M,1.0
76,5,M,M,1.0
76,6,M,E,0.0
76,8,M,E,0.0
76,9,M,M,1.0
76,10,M,M,1.0
76,11,M,E,0.0
76,12,M,E,0.0
76,14,M,E,0.0
76,15,M,M,1.0
76,16,M,M,1.0
76,17,M,E,0.0
76,18,M,E,0.0
76,19,M,M,1.0
76,20,M,M,1.0
76,23,M,E,0.0
76,24,M,E,0.0
76,25,M,E,0.0
76,26,M,M,1.0
76,27,M,M,1.0
76,28,M,E,0.0
76,31,M,M,1.0
76,32,M,E,0.0
76,33,M,E,0.0
76,34,M,M,1.0
76,35,M,E,0.0
76,38,M,E,0.0
76,39,M,M,1.0
76,40,M,M,1.0
76,41,M,E,0.0
76,42,M,E,0.0
76,43,M,M,1.0
76,44,M,M,1.0
76,46,M,E,0.0
77,1,M,E,0.0
77,3,M,E,0.0
77,4,M,E,0.0
77,5,M,E,0.0
77,7,M,M,1.0
77,8,M,E,0.0
77,9,M,M,1.0
77,10,M,M,1.0
77,11,M,M,1.0
77,14,M,E,0.0
77,15,M,E,0.0
77,17,M,M,1.0
77,18,M,E,0.0
77,19,M,M,1.0
77,21,M,E,0.0
77,25,M,E,0.0
77,26,M,M,1.0
77,32,M,M,1.0
77,33,M,M,1.0
77,34,M,E,0.0
77,35,M,E,0.0
77,37,M,E,0.0
77,38,M,M,1.0
77,41,M,M,1.0
77,43,M,M,1.0
77,44,M,M,1.0
77,45,M,M,1.0
77,46,M,M,1.0
77,48,M,M,1.0
77,49,M,E,0.0
77,50,M,M,1.0
77,51,M,E,0.0
77,52,M,E,0.0
77,53,M,M,1.0
77,54,M,E,0.0
77,55,M,E,0.0
77,56,M,M,1.0
77,58,M,E,0.0
77,60,M,E,0.0
77,62,M,M,1.0
77,63,M,E,0.0
77,64,M,M,1.0
77,65,M,E,0.0
77,66,M,E,0.0
77,67,M,M,1.0
77,69,M,E,0.0
77,75,M,E,0.0
77,78,M,M,1.0
78,2,M,M,1.0
78,4,M,M,1.0
78,5,M,E,0.0
78,6,M,M,1.0
78,15,M,M,1.0
78,16,M,E,0.0
78,17,M,E,0.0
78,19,M,M,1.0
78,20,M,M,1.0
78,21,M,M,1.0
78,22,M,E,0.0
78,23,M,M,1.0
78,25,M,E,0.0
78,27,M,M,1.0
78,28,M,E,0.0
78,30,M,M,1.0
78,31,M,M,1.0
78,32,M,E,0.0
78,34,M,E,0.0
78,35,M,M,1.0
78,36,M,M,1.0
78,38,M,M,1.0
78,39,M,E,0.0
78,40,M,E,0.0
78,41,M,E,0.0
78,42,M,E,0.0
78,43,M,M,1.0
78,44,M,E,0.0
78,45,M,E,0.0
78,46,M,M,1.0
78,47,M,M,1.0
78,48,M,M,1.0
78,49,M,M,1.0
78,50,M,M,1.0
78,52,M,E,0.0
78,54,M,M,1.0
78,55,M,E,0.0
78,56,M,M,1.0
78,57,M,M,1.0
78,61,M,E,0.0
78,62,M,E,0.0
78,64,M,E,0.0
79,2,M,E,0.0
79,3,M,E,0.0
79,5,M,M,1.0
79,7,M,M,1.0
79,8,M,M,1.0
79,9,M,E,0.0
79,10,M,E,0.0
79,12,M,M,1.0
79,14,M,M,1.0
79,15,M,E,0.0
79,18,M,E,0.0
79,20,M,E,0.0
79,21,M,E,0.0
79,22,M,E,0.0
79,23,M,E,0.0
79,25,M,M,1.0
79,26,M,M,1.0
79,27,M,M,1.0
79,30,M,M,1.0
79,31,M,M,1.0
79,32,M,E,0.0
79,33,M,E,0.0
79,35,M,M,1.0
79,37,M,M,1.0
79,38,M,E,0.0
79,39,M,M,1.0
79,40,M,E,0.0
80,2,M,E,0.0
80,3,M,M,1.0
80,4,M,M,1.0
80,6,M,E,0.0
80,7,M,M,1.0
80,8,M,E,0.0
80,9,M,M,1.0
80,10,M,M,1.0
80,12,M,M,1.0
80,16,M,M,1.0
80,17,M,E,0.0
80,20,M,M,1.0
80,23,M,M,1.0
80,25,M,E,0.0
80,26,M,E,0.0
80,33,M,E,0.0
80,36,M,E,0.0
80,41,M,E,0.0
80,44,M,M,1.0
80,45,M,E,0.0
80,46,M,M,1.0
80,48,M,E,0.0
80,50,M,E,0.0
80,51,M,M,1.0
80,57,M,M,1.0
80,58,M,M,1.0
80,59,M,M,1.0
83,1,M,E,0.0
83,2,M,E,0.0
83,3,M,M,1.0
83,4,M,E,0.0
83,5,M,E,0.0
83,6,M,E,0.0
83,7,M,M,1.0
83,9,M,E,0.0
83,10,M,E,0.0
83,11,M,E,0.0
83,12,M,E,0.0
83,14,M,M,1.0
83,16,M,M,1.0
83,17,M,M,1.0
83,18,M,M,1.0
83,19,M,E,0.0
83,20,M,E,0.0
83,21,M,E,0.0
83,22,M,M,1.0
83,23,M,M,1.0
83,24,M,E,0.0
83,26,M,E,0.0
84,1,M,M,1.0
84,2,M,E,0.0
84,3,M,M,1.0
84,4,M,E,0.0
84,6,M,M,1.0
84,7,M,M,1.0
84,8,M,M,1.0
84,9,M,E,0.0
84,10,M,M,1.0
84,12,M,M,1.0
84,13,M,M,1.0
84,14,M,E,0.0
84,17,M,M,1.0
84,18,M,M,1.0
84,22,M,M,1.0
84,23,M,M,1.0
84,25,M,M,1.0
84,26,M,M,1.0
84,31,M,E,0.0
85,1,M,E,0.0
85,3,M,M,1.0
85,4,M,M,1.0
85,5,M,E,0.0
85,6,M,M,1.0
85,7,M,M,1.0
85,9,M,E,0.0
85,10,M,E,0.0
85,11,M,M,1.0
85,12,M,M,1.0
85,13,M,M,1.0
85,14,M,M,1.0
85,15,M,E,0.0
85,16,M,M,1.0
85,17,M,M,1.0
85,18,M,E,0.0
85,19,M,M,1.0
85,22,M,M,1.0
85,23,M,E,0.0
85,24,M,E,0.0
85,25,M,E,0.0
85,26,M,E,0.0
85,27,M,M,1.0
85,29,M,M,1.0
85,30,M,E,0.0
85,31,M,E,0.0
85,32,M,E,0.0
85,33,M,E,0.0
85,34,M,E,0.0
85,36,M,M,1.0
85,37,M,M,1.0
85,38,M,E,0.0
85,39,M,E,0.0
85,40,M,M,1.0
85,44,M,M,1.0
85,45,M,M,1.0
85,46,M,E,0.0
85,47,M,M,1.0
85,48,M,E,0.0
85,49,M,M,1.0
85,50,M,E,0.0
86,2,M,M,1.0
86,3,M,E,0.0
86,4,M,M,1.0
86,5,M,M,1.0
86,6,M,M,1.0
86,7,M,M,1.0
86,8,M,E,0.0
86,9,M,M,1.0
86,10,M,E,0.0
86,11,M,M,1.0
86,14,M,E,0.0
86,16,M,E,0.0
86,17,M,E,0.0
86,18,M,E,0.0
86,19,M,M,1.0
86,21,M,M,1.0
86,22,M,M,1.0
86,23,M,M,1.0
86,24,M,E,0.0
86,25,M,E,0.0
86,26,M,E,0.0
86,27,M,E,0.0
86,28,M,E,0.0
86,29,M,M,1.0
86,31,M,E,0.0
86,32,M,M,1.0
86,33,M,E,0.0
86,34,M,M,1.0
86,35,M,E,0.0
86,36,M,E,0.0
86,37,M,E,0.0
86,38,M,E,0.0
86,39,M,M,1.0
86,40,M,E,0.0
86,41,M,E,0.0
86,42,M,E,0.0
86,43,M,E,0.0
86,44,M,M,1.0
86,45,M,E,0.0
86,46,M,E,0.0
86,47,M,M,1.0
86,48,M,E,0.0
86,49,M,E,0.0
86,50,M,E,0.0
86,51,M,E,0.0
86,54,M,E,0.0
86,55,M,E,0.0
87,1,M,M,1.0
87,2,M,E,0.0
87,3,M,M,1.0
87,4,M,E,0.0
87,5,M,M,1.0
87,6,M,E,0.0
87,8,M,M,1.0
87,9,M,M,1.0
87,10,M,E,0.0
87,11,M,M,1.0
87,12,M,M,1.0
87,13,M,E,0.0
87,14,M,M,1.0
87,16,M,M,1.0
87,17,M,E,0.0
87,19,M,M,1.0
87,20,M,M,1.0
87,21,M,E,0.0
87,22,M,E,0.0
87,23,M,M,1.0
87,24,M,M,1.0
87,25,M,M,1.0
87,26,M,E,0.0
87,27,M,M,1.0
87,28,M,E,0.0
87,29,M,M,1.0
88,2,M,M,1.0
88,3,M,M,1.0
88,4,M,M,1.0
88,5,M,M,1.0
88,6,M,E,0.0
88,7,M,E,0.0
88,8,M,E,0.0
88,9,M,M,1.0
88,11,M,M,1.0
88,12,M,E,0.0
88,14,M,E,0.0
88,15,M,E,0.0
88,16,M,M,1.0
88,17,M,E,0.0
88,18,M,E,0.0
88,19,M,M,1.0
88,20,M,E,0.0
88,23,M,M,1.0
88,25,M,E,0.0
88,26,M,M,1.0
88,27,M,M,1.0
88,28,M,M,1.0
88,29,M,E,0.0
88,30,M,E,0.0
88,32,M,E,0.0
88,33,M,M,1.0
88,34,M,M,1.0
88,35,M,M,1.0
88,36,M,M,1.0
93,1,M,E,0.0
93,4,M,E,0.0
93,5,M,M,1.0
93,6,M,E,0.0
93,7,M,M,1.0
93,8,M,M,1.0
93,9,M,M,1.0
93,10,M,M,1.0
93,11,M,M,1.0
93,12,M,E,0.0
93,13,M,M,1.0
93,15,M,M,1.0
93,17,M,E,0.0
93,18,M,E,0.0
93,19,M,M,1.0
93,21,M,M,1.0
93,22,M,E,0.0
93,23,M,E,0.0
93,24,M,M,1.0
93,26,M,M,1.0
93,27,M,E,0.0
93,28,M,E,0.0
93,29,M,E,0.0
93,30,M,M,1.0
93,31,M,E,0.0
93,32,M,M,1.0
94,1,M,E,0.0
94,3,M,M,1.0
94,5,M,M,1.0
94,6,M,M,1.0
94,7,M,M,1.0
94,8,M,M,1.0
94,9,M,M,1.0
94,10,M,M,1.0
95,1,M,E,0.0
95,2,M,E,0.0
95,6,M,M,1.0
95,7,M,M,1.0
95,8,M,M,1.0
95,9,M,M,1.0
95,10,M,M,1.0
95,11,M,M,1.0
95,13,M,M,1.0
95,14,M,E,0.0
95,15,M,E,0.0
95,17,M,M,1.0
95,18,M,M,1.0
96,1,M,M,1.0
96,2,M,E,0.0
96,3,M,M,1.0
96,4,M,M,1.0
96,5,M,E,0.0
96,6,M,E,0.0
96,7,M,E,0.0
96,8,M,E,0.0
96,9,M,M,1.0
96,11,M,E,0.0
96,12,M,M,1.0
96,13,M,E,0.0
96,14,M,E,0.0
96,15,M,M,1.0
96,16,M,E,0.0
96,17,M,E,0.0
96,18,M,E,0.0
96,19,M,E,0.0
96,20,M,M,1.0
96,21,M,E,0.0
96,22,M,E,0.0
96,23,M,M,1.0
96,24,M,E,0.0
97,1,M,E,0.0
97,2,M,E,0.0
97,3,M,M,1.0
97,4,M,M,1.0
97,5,M,M,1.0
97,6,M,M,1.0
97,7,M,M,1.0
97,8,M,E,0.0
97,9,M,M,1.0
97,10,M,E,0.0
97,11,M,M,1.0
97,12,M,E,0.0
97,13,M,M,1.0
97,14,M,M,1.0
97,15,M,E,0.0
97,16,M,E,0.0
97,17,M,M,1.0
97,18,M,E,0.0
97,20,M,E,0.0
97,21,M,E,0.0
97,24,M,M,1.0
97,25,M,M,1.0
97,26,M,M,1.0
97,27,M,E,0.0
97,28,M,M,1.0
97,29,M,M,1.0
98,1,M,M,1.0
98,2,M,M,1.0
98,3,M,M,1.0
98,4,M,E,0.0
98,5,M,E,0.0
98,6,M,M,1.0
98,7,M,E,0.0
98,8,M,M,1.0
98,9,M,M,1.0
98,10,M,M,1.0
98,11,M,E,0.0
98,12,M,E,0.0
98,13,M,E,0.0
98,14,M,M,1.0
98,15,M,M,1.0
98,16,M,M,1.0
98,19,M,M,1.0
98,21,M,E,0.0
98,23,M,E,0.0
98,24,M,M,1.0
98,25,M,M,1.0
98,26,M,M,1.0
98,27,M,E,0.0
98,28,M,M,1.0
98,29,M,E,0.0
98,31,M,M,1.0
98,32,M,M,1.0
98,33,M,E,0.0
98,34,M,M,1.0
99,1,M,E,0.0
99,2,M,E,0.0
99,3,M,M,1.0
99,4,M,E,0.0
99,5,M,M,1.0
99,6,M,E,0.0
99,7,M,E,0.0
99,8,M,M,1.0
99,9,M,M,1.0
99,10,M,E,0.0
99,11,M,E,0.0
99,13,M,M,1.0
99,14,M,E,0.0
99,15,M,E,0.0
99,16,M,M,1.0
99,17,M,M,1.0
99,18,M,M,1.0
99,19,M,M,1.0
99,20,M,E,0.0
99,21,M,M,1.0
99,23,M,E,0.0
99,24,M,E,0.0
99,25,M,E,0.0
99,26,M,E,0.0
99,27,M,M,1.0
99,28,M,M,1.0
99,29,M,M,1.0
99,30,M,M,1.0
99,31,M,M,1.0
99,32,M,E,0.0
99,33,M,M,1.0
99,34,M,M,1.0
99,35,M,E,0.0
99,36,M,E,0.0
99,37,M,E,0.0
99,38,M,M,1.0
100,1,M,E,0.0
100,2,M,M,1.0
100,3,M,E,0.0
100,4,M,E,0.0
100,5,M,E,0.0
100,6,M,M,1.0
100,7,M,E,0.0
100,8,M,M,1.0
100,9,M,E,0.0
100,10,M,M,1.0
100,11,M,M,1.0
100,12,M,E,0.0
100,13,M,E,0.0
100,14,M,M,1.0
100,15,M,M,1.0
100,16,M,E,0.0
100,17,M,M,1.0
100,18,M,E,0.0
100,19,M,E,0.0
100,20,M,M,1.0
100,21,M,M,1.0
101,1,M,M,1.0
101,2,M,M,1.0
101,3,M,M,1.0
101,4,M,M,1.0
101,5,M,M,1.0
101,6,M,M,1.0
101,7,M,M,1.0
101,9,M,E,0.0
101,10,M,E,0.0
101,11,M,E,0.0
101,12,M,M,1.0
101,13,M,M,1.0
101,14,M,M,1.0
101,15,M,M,1.0
101,16,M,M,1.0
101,17,M,E,0.0
101,20,M,M,1.0
101,21,M,M,1.0
101,22,M,E,0.0
101,23,M,M,1.0
101,24,M,E,0.0
102,2,M,M,1.0
102,3,M,E,0.0
102,4,M,E,0.0
102,6,M,E,0.0
102,7,M,M,1.0
102,8,M,M,1.0
102,9,M,M,1.0
102,10,M,M,1.0
102,11,M,E,0.0
102,12,M,M,1.0
102,13,M,M,1.0
102,14,M,M,1.0
102,15,M,M,1.0
102,16,M,E,0.0
102,17,M,M,1.0
102,18,M,E,0.0
102,19,M,E,0.0
102,20,M,E,0.0
102,21,M,M,1.0
102,22,M,E,0.0
102,23,M,E,0.0
102,24,M,M,1.0
102,26,M,M,1.0
102,27,M,E,0.0
102,28,M,M,1.0
102,29,M,E,0.0
102,30,M,M,1.0
102,31,M,M,1.0
102,32,M,E,0.0
102,33,M,E,0.0
102,35,M,M,1.0
102,36,M,M,1.0
102,37,M,E,0.0
102,38,M,E,0.0
102,39,M,E,0.0
102,40,M,M,1.0
102,41,M,E,0.0
102,42,M,E,0.0
102,43,M,M,1.0
103,1,M,M,1.0
103,2,M,M,1.0
103,3,M,E,0.0
103,4,M,E,0.0
103,6,M,M,1.0
103,7,M,E,0.0
103,8,M,E,0.0
103,11,M,M,1.0
103,13,M,E,0.0
104,1,M,M,1.0
104,3,M,M,1.0
104,4,M,E,0.0
104,6,M,M,1.0
104,7,M,M,1.0
106,1,M,E,0.0
106,2,M,M,1.0
106,3,M,M,1.0
106,4,M,M,1.0
106,5,M,M,1.0
106,6,M,M,1.0
106,7,M,E,0.0
106,8,M,M,1.0
106,9,M,M,1.0
106,10,M,M,1.0
106,11,M,M,1.0
106,12,M,M,1.0
106,13,M,E,0.0
106,14,M,M,1.0
106,15,M,E,0.0
106,16,M,M,1.0
106,17,M,E,0.0
106,18,M,M,1.0
106,19,M,M,1.0
106,20,M,M,1.0
107,1,M,M,1.0
107,2,M,M,1.0
107,3,M,E,0.0
107,4,M,M,1.0
107,5,M,M,1.0
107,6,M,M,1.0
107,7,M,M,1.0
107,8,M,E,0.0
107,9,M,E,0.0
107,10,M,E,0.0
107,11,M,E,0.0
107,12,M,E,0.0
107,15,M,E,0.0
107,16,M,E,0.0
107,18,M,M,1.0
107,19,M,M,1.0
107,21,M,E,0.0
107,22,M,E,0.0
107,23,M,M,1.0
107,24,M,E,0.0
107,25,M,M,1.0
107,26,M,M,1.0
107,27,M,E,0.0
107,28,M,E,0.0
107,29,M,M,1.0
107,30,M,E,0.0
107,31,M,E,0.0
107,33,M,E,0.0
107,34,M,E,0.0
107,35,M,M,1.0
107,36,M,M,1.0
107,37,M,M,1.0
107,38,M,M,1.0
110,1,M,E,0.0
110,2,M,M,1.0
110,3,M,E,0.0
110,4,M,E,0.0
110,5,M,M,1.0
110,6,M,E,0.0
110,8,M,M,1.0
110,9,M,M,1.0
110,10,M,M,1.0
110,11,M,E,0.0
110,12,M,E,0.0
110,13,M,M,1.0
110,14,M,M,1.0
110,15,M,E,0.0
110,16,M,E,0.0
110,17,M,M,1.0
110,18,M,M,1.0
110,19,M,M,1.0
110,20,M,M,1.0
110,21,M,M,1.0
110,23,M,M,1.0
110,24,M,M,1.0
110,25,M,E,0.0
110,26,M,M,1.0
110,29,M,E,0.0
110,30,M,E,0.0
110,33,M,E,0.0
110,34,M,M,1.0
110,35,M,M,1.0
110,36,M,E,0.0
110,37,M,E,0.0
110,38,M,M,1.0
110,41,M,M,1.0
110,42,M,E,0.0
111,1,M,M,1.0
111,2,M,M,1.0
111,4,M,M,1.0
111,5,M,E,0.0
111,6,M,M,1.0
111,8,M,E,0.0
111,10,M,M,1.0
111,11,M,E,0.0
111,13,M,E,0.0
111,14,M,M,1.0
111,15,M,M,1.0
112,2,M,M,1.0
112,3,M,M,1.0
112,5,M,M,1.0
112,6,M,M,1.0
112,7,M,E,0.0
112,8,M,M,1.0
113,1,M,M,1.0
113,2,M,E,0.0
113,3,M,M,1.0
113,5,M,M,1.0
113,6,M,M,1.0
113,7,M,E,0.0
113,8,M,E,0.0
113,10,M,M,1.0
114,2,M,M,1.0
114,3,M,E,0.0
114,4,M,E,0.0
114,5,M,M,1.0
114,6,M,E,0.0
114,7,M,E,0.0
114,9,M,E,0.0
114,11,M,M,1.0
114,12,M,M,1.0
114,13,M,M,1.0
114,15,M,E,0.0
114,16,M,E,0.0
114,17,M,E,0.0
114,18,M,E,0.0
114,19,M,M,1.0
114,20,M,E,0.0
114,23,M,M,1.0
114,25,M,E,0.0
115,2,M,E,0.0
115,4,M,M,1.0
115,6,M,E,0.0
115,8,M,E,0.0
115,9,M,E,0.0
115,11,M,E,0.0
115,12,M,M,1.0
115,13,M,M,1.0
115,14,M,M,1.0
115,15,M,M,1.0
115,16,M,E,0.0
115,17,M,E,0.0
115,18,M,E,0.0
115,19,M,E,0.0
115,20,M,M,1.0
115,21,M,M,1.0
115,22,M,E,0.0
115,24,M,M,1.0
115,27,M,M,1.0
115,28,M,M,1.0
116,1,M,E,0.0
116,3,M,M,1.0
116,4,M,M,1.0
116,5,M,M,1.0
116,6,M,M,1.0
116,7,M,M,1.0
116,8,M,E,0.0
116,9,M,E,0.0
116,10,M,E,0.0
116,11,M,E,0.0
116,12,M,E,0.0
116,13,M,E,0.0
116,14,M,M,1.0
116,15,M,M,1.0
116,16,M,E,0.0
116,17,M,M,1.0
116,18,M,E,0.0
116,19,M,M,1.0
116,20,M,M,1.0
116,21,M,M,1.0
116,22,M,M,1.0
116,23,M,M,1.0
117,2,M,E,0.0
117,4,M,E,0.0
117,7,M,M,1.0
117,8,M,E,0.0
117,9,M,E,0.0
117,10,M,M,1.0
117,11,M,E,0.0
117,12,M,E,0.0
117,13,M,E,0.0
117,14,M,M,1.0
117,15,M,E,0.0
117,16,M,E,0.0
117,18,M,E,0.0
117,19,M,E,0.0
117,20,M,E,0.0
117,21,M,M,1.0
123,1,M,M,1.0
123,2,M,E,0.0
123,3,M,E,0.0
123,6,M,E,0.0
123,7,M,M,1.0
123,8,M,E,0.0
123,9,M,M,1.0
123,10,M,M,1.0
123,11,M,M,1.0
124,1,M,M,1.0
124,2,M,E,0.0
124,3,M,E,0.0
124,4,M,M,1.0
124,5,M,M,1.0
124,6,M,E,0.0
124,7,M,E,0.0
124,8,M,E,0.0
124,9,M,M,1.0
124,10,M,M,1.0
124,11,M,E,0.0
124,12,M,M,1.0
124,13,M,M,1.0
124,14,M,E,0.0
124,15,M,E,0.0
124,17,M,E,0.0
124,18,M,E,0.0
124,19,M,M,1.0
124,20,M,E,0.0
124,21,M,E,0.0
124,22,M,M,1.0
124,23,M,M,1.0
124,24,M,M,1.0
124,25,M,E,0.0
124,28,M,M,1.0
129,1,M,M,1.0
129,2,M,E,0.0
129,3,M,M,1.0
129,4,M,E,0.0
129,5,M,E,0.0
129,6,M,M,1.0
129,7,M,M,1.0
129,8,M,M,1.0
129,9,M,M,1.0
129,10,M,E,0.0
129,11,M,E,0.0
129,12,M,E,0.0
129,13,M,E,0.0
129,16,M,M,1.0
129,17,M,M,1.0
129,18,M,E,0.0
129,19,M,E,0.0
129,20,M,M,1.0
129,21,M,E,0.0
129,22,M,E,0.0
130,2,M,M,1.0
130,3,M,E,0.0
130,4,M,E,0.0
130,6,M,E,0.0
130,7,M,E,0.0
130,8,M,E,0.0
130,9,M,E,0.0
130,10,M,M,1.0
130,11,M,M,1.0
130,12,M,E,0.0
130,13,M,E,0.0
130,14,M,E,0.0
130,15,M,M,1.0
130,16,M,E,0.0
130,17,M,E,0.0
130,19,M,E,0.0
130,21,M,M,1.0
130,22,M,M,1.0
130,23,M,E,0.0
130,24,M,M,1.0
130,25,M,M,1.0
130,26,M,E,0.0
130,27,M,E,0.0
130,29,M,M,1.0
130,31,M,E,0.0
130,32,M,E,0.0
130,33,M,M,1.0
131,1,M,M,1.0
131,2,M,E,0.0
131,4,M,E,0.0
131,5,M,M,1.0
131,6,M,M,1.0
131,7,M,E,0.0
131,8,M,M,1.0
131,9,M,E,0.0
131,10,M,M,1.0
131,12,M,E,0.0
131,13,M,E,0.0
131,14,M,E,0.0
131,15,M,E,0.0
131,16,M,M,1.0
131,17,M,E,0.0
131,18,M,E,0.0
131,19,M,E,0.0
131,20,M,E,0.0
131,22,M,E,0.0
131,23,M,M,1.0
131,24,M,M,1.0
131,25,M,M,1.0
131,26,M,E,0.0
131,27,M,M,1.0
131,28,M,E,0.0
131,29,M,M,1.0
131,30,M,E,0.0
131,31,M,M,1.0
131,34,M,M,1.0
132,1,M,E,0.0
132,2,M,M,1.0
132,3,M,M,1.0
132,6,M,E,0.0
132,7,M,M,1.0
132,8,M,E,0.0
132,11,M,M,1.0
132,12,M,M,1.0
132,13,M,M,1.0
132,14,M,M,1.0
132,15,M,M,1.0
132,16,M,M,1.0
132,17,M,M,1.0
132,18,M,E,0.0
132,19,M,M,1.0
132,20,M,M,1.0
132,21,M,M,1.0
132,22,M,M,1.0
132,23,M,E,0.0
132,24,M,M,1.0
132,25,M,M,1.0
132,26,M,M,1.0
132,27,M,E,0.0
132,28,M,E,0.0
132,29,M,E,0.0
132,30,M,E,0.0
132,31,M,M,1.0
132,32,M,M,1.0
132,33,M,M,1.0
132,34,M,M,1.0
132,35,M,M,1.0
132,36,M,M,1.0
132,37,M,E,0.0
132,38,M,M,1.0
132,39,M,M,1.0
132,40,M,E,0.0
132,41,M,M,1.0
132,42,M,E,0.0
132,43,M,M,1.0
132,44,M,M,1.0
132,45,M,M,1.0
132,46,M,E,0.0
132,48,M,E,0.0
132,49,M,E,0.0
132,50,M,M,1.0
132,51,M,E,0.0
132,53,M,M,1.0
146,1,E,E,0.0
146,2,E,M,1.0
146,3,E,M,1.0
146,4,E,M,1.0
146,5,E,E,0.0
146,6,E,E,0.0
146,7,E,E,0.0
146,8,E,M,1.0
146,9,E,E,0.0
146,10,E,E,0.0
146,11,E,E,0.0
146,12,E,E,0.0
146,13,E,M,1.0
146,14,E,M,1.0
146,15,E,M,1.0
146,17,E,M,1.0
146,18,E,E,0.0
146,19,E,M,1.0
146,22,E,E,0.0
146,23,E,E,0.0
146,24,E,E,0.0
146,25,E,E,0.0
146,27,E,E,0.0
146,28,E,M,1.0
146,30,E,E,0.0
146,31,E,E,0.0
146,35,E,M,1.0
146,37,E,E,0.0
146,38,E,E,0.0
146,39,E,M,1.0
146,40,E,E,0.0
146,42,E,E,0.0
146,43,E,E,0.0
146,45,E,E,0.0
146,46,E,E,0.0
146,47,E,E,0.0
146,48,E,M,1.0
146,49,E,E,0.0
146,52,E,E,0.0
146,53,E,E,0.0
146,54,E,E,0.0
146,55,E,E,0.0
146,56,E,E,0.0
146,57,E,E,0.0
146,58,E,M,1.0
146,60,E,E,0.0
146,61,E,E,0.0
146,62,E,M,1.0
146,63,E,M,1.0
146,67,E,E,0.0
146,69,E,E,0.0
146,70,E,E,0.0
146,71,E,E,0.0
146,72,E,E,0.0
146,73,E,E,0.0
146,74,E,M,1.0
146,75,E,M,1.0
146,76,E,E,0.0
146,77,E,E,0.0
146,78,E,M,1.0
146,80,E,E,0.0
146,81,E,E,0.0
146,82,E,E,0.0
146,84,E,M,1.0
146,86,E,E,0.0
146,88,E,E,0.0
146,89,E,M,1.0
146,90,E,E,0.0
146,91,E,E,0.0
146,92,E,E,0.0
146,93,E,E,0.0
146,94,E,E,0.0
146,95,E,M,1.0
146,96,E,M,1.0
146,97,E,E,0.0
146,99,E,E,0.0
147,2,E,E,0.0
147,3,E,E,0.0
147,4,E,E,0.0
147,5,E,E,0.0
147,6,E,E,0.0
147,7,E,E,0.0
147,8,E,E,0.0
147,9,E,E,0.0
147,10,E,E,0.0
147,11,E,E,0.0
147,12,E,E,0.0
147,13,E,E,0.0
147,15,E,E,0.0
147,17,E,E,0.0
147,22,E,E,0.0
147,24,E,E,0.0
147,25,E,E,0.0
147,26,E,E,0.0
147,28,E,M,1.0
147,29,E,M,1.0
147,30,E,M,1.0
147,32,E,E,0.0
147,33,E,E,0.0
147,34,E,E,0.0
147,35,E,E,0.0
147,37,E,E,0.0
147,38,E,M,1.0
147,39,E,E,0.0
147,40,E,E,0.0
147,41,E,E,0.0
147,42,E,M,1.0
147,44,E,E,0.0
147,45,E,E,0.0
147,46,E,E,0.0
148,2,E,M,1.0
148,3,E,E,0.0
148,4,E,E,0.0
148,5,E,E,0.0
148,7,E,E,0.0
148,8,E,E,0.0
148,9,E,E,0.0
148,11,E,E,0.0
148,16,E,M,1.0
148,18,E,E,0.0
148,22,E,E,0.0
148,23,E,E,0.0
148,24,E,E,0.0
148,25,E,E,0.0
148,26,E,E,0.0
148,28,E,M,1.0
148,30,E,M,1.0
148,31,E,E,0.0
148,32,E,E,0.0
148,33,E,E,0.0
148,34,E,E,0.0
148,35,E,E,0.0
148,36,E,E,0.0
148,38,E,M,1.0
148,39,E,E,0.0
148,40,E,E,0.0
148,41,E,E,0.0
148,42,E,M,1.0
148,43,E,E,0.0
148,44,E,E,0.0
148,47,E,E,0.0
148,48,E,E,0.0
148,49,E,E,0.0
148,51,E,M,1.0
148,53,E,E,0.0
148,54,E,E,0.0
148,56,E,E,0.0
148,57,E,E,0.0
148,58,E,E,0.0
148,59,E,E,0.0
148,60,E,M,1.0
148,61,E,E,0.0
148,62,E,E,0.0
148,63,E,E,0.0
148,64,E,E,0.0
148,65,E,E,0.0
148,66,E,M,1.0
148,67,E,E,0.0
148,68,E,M,1.0
148,69,E,E,0.0
148,70,E,E,0.0
148,72,E,E,0.0
148,73,E,E,0.0
148,75,E,M,1.0
148,76,E,E,0.0
148,77,E,M,1.0
148,78,E,E,0.0
148,79,E,E,0.0
148,80,E,E,0.0
148,81,E,M,1.0
148,82,E,E,0.0
149,1,E,E,0.0
149,3,E,E,0.0
149,6,E,E,0.0
149,7,E,M,1.0
149,10,E,E,0.0
149,11,E,E,0.0
149,12,E,M,1.0
149,13,E,E,0.0
149,14,E,E,0.0
149,15,E,E,0.0
149,16,E,M,1.0
149,19,E,M,1.0
149,20,E,M,1.0
149,21,E,E,0.0
149,23,E,E,0.0
149,24,E,E,0.0
149,25,E,E,0.0
149,26,E,E,0.0
149,27,E,M,1.0
149,28,E,E,0.0
149,31,E,M,1.0
149,32,E,M,1.0
149,34,E,E,0.0
149,36,E,E,0.0
149,37,E,E,0.0
149,38,E,E,0.0
149,39,E,E,0.0
149,41,E,E,0.0
149,42,E,E,0.0
149,43,E,E,0.0
149,45,E,E,0.0
149,46,E,E,0.0
149,48,E,M,1.0
149,49,E,E,0.0
149,51,E,E,0.0
149,53,E,M,1.0
149,57,E,M,1.0
149,58,E,E,0.0
152,2,E,E,0.0
152,3,E,M,1.0
152,4,E,E,0.0
152,5,E,M,1.0
152,6,E,E,0.0
152,7,E,E,0.0
152,8,E,E,0.0
152,10,E,E,0.0
152,11,E,M,1.0
152,12,E,E,0.0
152,13,E,M,1.0
152,14,E,E,0.0
152,15,E,M,1.0
152,17,E,E,0.0
152,18,E,E,0.0
152,19,E,E,0.0
152,21,E,E,0.0
152,22,E,E,0.0
152,23,E,M,1.0
152,24,E,E,0.0
152,25,E,E,0.0
152,26,E,M,1.0
152,27,E,E,0.0
152,28,E,E,0.0
152,31,E,E,0.0
152,32,E,E,0.0
152,35,E,E,0.0
152,36,E,E,0.0
152,37,E,E,0.0
152,38,E,M,1.0
152,39,E,M,1.0
152,41,E,E,0.0
152,43,E,M,1.0
153,1,E,M,1.0
153,2,E,E,0.0
153,3,E,E,0.0
153,4,E,E,0.0
153,5,E,E,0.0
153,6,E,E,0.0
153,7,E,E,0.0
153,8,E,E,0.0
153,9,E,E,0.0
153,10,E,E,0.0
153,11,E,M,1.0
153,12,E,E,0.0
153,13,E,E,0.0
153,14,E,E,0.0
153,15,E,E,0.0
153,16,E,E,0.0
153,18,E,M,1.0
153,20,E,M,1.0
153,21,E,E,0.0
153,22,E,E,0.0
153,23,E,E,0.0
153,24,E,M,1.0
153,25,E,M,1.0
153,26,E,E,0.0
153,27,E,E,0.0
153,28,E,E,0.0
153,29,E,E,0.0
153,30,E,M,1.0
153,31,E,E,0.0
153,32,E,M,1.0
153,34,E,E,0.0
153,35,E,M,1.0
153,36,E,E,0.0
153,37,E,E,0.0
153,39,E,E,0.0
153,40,E,E,0.0
153,41,E,E,0.0
153,42,E,M,1.0
153,43,E,E,0.0
153,44,E,E,0.0
153,45,E,E,0.0
153,46,E,E,0.0
153,47,E,E,0.0
153,48,E,E,0.0
153,49,E,M,1.0
153,50,E,E,0.0
153,51,E,M,1.0
153,52,E,M,1.0
153,53,E,M,1.0
153,55,E,E,0.0
153,57,E,M,1.0
153,58,E,E,0.0
153,59,E,M,1.0
153,60,E,E,0.0
153,61,E,E,0.0
153,62,E,E,0.0
153,63,E,E,0.0
153,64,E,E,0.0
153,65,E,M,1.0
153,66,E,E,0.0
153,67,E,E,0.0
153,69,E,M,1.0
153,70,E,E,0.0
153,71,E,E,0.0
153,72,E,E,0.0
153,74,E,E,0.0
153,75,E,E,0.0
153,76,E,E,0.0
153,77,E,E,0.0
153,78,E,E,0.0
153,79,E,E,0.0
153,80,E,M,1.0
153,81,E,E,0.0
153,82,E,E,0.0
153,84,E,E,0.0
153,85,E,E,0.0
153,86,E,E,0.0
153,87,E,M,1.0
153,89,E,E,0.0
153,90,E,E,0.0
153,92,E,E,0.0
153,93,E,E,0.0
153,95,E,E,0.0
153,98,E,E,0.0
154,2,E,M,1.0
154,3,E,M,1.0
154,4,E,M,1.0
154,6,E,E,0.0
154,7,E,E,0.0
154,8,E,M,1.0
154,11,E,M,1.0
154,13,E,E,0.0
154,15,E,E,0.0
154,16,E,E,0.0
154,21,E,E,0.0
154,23,E,E,0.0
154,26,E,E,0.0
154,27,E,E,0.0
154,28,E,E,0.0
154,29,E,E,0.0
154,30,E,E,0.0
154,32,E,E,0.0
154,33,E,E,0.0
154,37,E,M,1.0
154,38,E,E,0.0
154,40,E,E,0.0
154,43,E,E,0.0
154,44,E,E,0.0
154,45,E,E,0.0
154,47,E,E,0.0
154,48,E,E,0.0
154,49,E,E,0.0
154,50,E,E,0.0
154,51,E,M,1.0
154,55,E,M,1.0
154,56,E,E,0.0
154,57,E,M,1.0
154,58,E,E,0.0
154,60,E,E,0.0
154,61,E,E,0.0
154,62,E,M,1.0
154,63,E,E,0.0
154,64,E,E,0.0
154,65,E,E,0.0
154,66,E,M,1.0
154,68,E,E,0.0
154,69,E,E,0.0
154,72,E,E,0.0
154,73,E,E,0.0
154,74,E,E,0.0
155,3,E,M,1.0
155,4,E,E,0.0
155,5,E,M,1.0
155,6,E,E,0.0
155,7,E,E,0.0
155,8,E,E,0.0
155,9,E,E,0.0
155,10,E,E,0.0
155,11,E,M,1.0
155,14,E,E,0.0
155,15,E,M,1.0
155,16,E,E,0.0
155,22,E,M,1.0
155,24,E,E,0.0
155,25,E,E,0.0
155,26,E,E,0.0
155,27,E,E,0.0
155,31,E,E,0.0
155,33,E,E,0.0
155,34,E,E,0.0
155,37,E,E,0.0
155,39,E,E,0.0
155,40,E,E,0.0
155,41,E,E,0.0
155,43,E,E,0.0
155,44,E,E,0.0
155,46,E,M,1.0
155,47,E,M,1.0
155,51,E,E,0.0
155,55,E,E,0.0
155,56,E,E,0.0
155,57,E,M,1.0
155,58,E,M,1.0
155,59,E,M,1.0
155,60,E,E,0.0
155,61,E,M,1.0
155,62,E,E,0.0
155,63,E,E,0.0
155,64,E,E,0.0
155,68,E,M,1.0
155,70,E,E,0.0
155,71,E,E,0.0
155,72,E,E,0.0
156,1,E,E,0.0
156,4,E,M,1.0
156,5,E,E,0.0
156,6,E,E,0.0
156,7,E,E,0.0
156,8,E,E,0.0
156,9,E,E,0.0
156,10,E,E,0.0
156,11,E,M,1.0
156,13,E,E,0.0
156,14,E,E,0.0
156,15,E,E,0.0
156,17,E,M,1.0
156,18,E,E,0.0
156,19,E,E,0.0
156,20,E,E,0.0
156,21,E,E,0.0
156,22,E,E,0.0
156,23,E,E,0.0
156,24,E,M,1.0
156,25,E,E,0.0
156,26,E,M,1.0
156,27,E,E,0.0
156,28,E,E,0.0
156,29,E,M,1.0
156,30,E,M,1.0
156,31,E,M,1.0
156,32,E,E,0.0
156,33,E,M,1.0
156,34,E,E,0.0
156,37,E,E,0.0
156,38,E,E,0.0
156,39,E,M,1.0
156,40,E,E,0.0
156,41,E,M,1.0
156,43,E,M,1.0
156,44,E,E,0.0
156,45,E,E,0.0
156,46,E,E,0.0
156,48,E,M,1.0
156,50,E,M,1.0
162,2,E,E,0.0
162,3,E,E,0.0
162,5,E,E,0.0
162,6,E,E,0.0
162,7,E,E,0.0
162,11,E,E,0.0
162,12,E,E,0.0
162,13,E,E,0.0
162,14,E,E,0.0
162,15,E,E,0.0
162,16,E,M,1.0
162,17,E,E,0.0
162,18,E,E,0.0
162,19,E,M,1.0
162,20,E,E,0.0
162,21,E,E,0.0
162,22,E,E,0.0
162,23,E,M,1.0
162,24,E,E,0.0
162,25,E,E,0.0
162,26,E,E,0.0
162,27,E,E,0.0
162,29,E,E,0.0
162,30,E,E,0.0
162,31,E,E,0.0
162,32,E,E,0.0
162,34,E,E,0.0
162,35,E,M,1.0
162,37,E,M,1.0
162,38,E,E,0.0
162,39,E,E,0.0
162,40,E,E,0.0
162,41,E,E,0.0
162,42,E,E,0.0
162,43,E,E,0.0
162,44,E,E,0.0
162,45,E,E,0.0
162,46,E,E,0.0
162,47,E,E,0.0
162,48,E,E,0.0
162,50,E,E,0.0
162,51,E,E,0.0
162,52,E,M,1.0
162,53,E,E,0.0
162,55,E,E,0.0
162,56,E,E,0.0
162,57,E,E,0.0
162,58,E,E,0.0
162,59,E,E,0.0
162,61,E,M,1.0
162,62,E,M,1.0
162,63,E,E,0.0
162,64,E,M,1.0
162,65,E,E,0.0
162,67,E,E,0.0
162,69,E,E,0.0
162,70,E,M,1.0
162,71,E,E,0.0
162,72,E,E,0.0
162,73,E,E,0.0
162,74,E,E,0.0
162,75,E,E,0.0
162,76,E,E,0.0
162,77,E,E,0.0
162,78,E,E,0.0
162,79,E,E,0.0
162,81,E,M,1.0
162,83,E,E,0.0
162,84,E,E,0.0
162,85,E,E,0.0
162,86,E,E,0.0
162,88,E,E,0.0
162,89,E,M,1.0
162,90,E,E,0.0
162,91,E,E,0.0
162,92,E,E,0.0
162,93,E,M,1.0
162,94,E,E,0.0
162,95,E,E,0.0
162,96,E,E,0.0
162,97,E,E,0.0
162,98,E,M,1.0
162,99,E,E,0.0
162,100,E,E,0.0
162,101,E,E,0.0
162,103,E,E,0.0
162,104,E,E,0.0
162,105,E,E,0.0
162,106,E,E,0.0
162,107,E,E,0.0
162,108,E,E,0.0
162,109,E,E,0.0
162,110,E,E,0.0
162,111,E,E,0.0
162,112,E,M,1.0
162,113,E,E,0.0
165,1,E,E,0.0
165,2,E,E,0.0
165,3,E,E,0.0
165,4,E,E,0.0
165,5,E,E,0.0
165,6,E,E,0.0
165,7,E,E,0.0
165,9,E,E,0.0
165,10,E,E,0.0
166,1,E,E,0.0
166,2,E,E,0.0
166,3,E,E,0.0
166,4,E,E,0.0
166,5,E,M,1.0
166,6,E,E,0.0
166,7,E,E,0.0
166,8,E,E,0.0
166,9,E,E,0.0
166,12,E,M,1.0
166,13,E,E,0.0
166,14,E,E,0.0
166,15,E,E,0.0
166,16,E,E,0.0
166,17,E,E,0.0
166,18,E,E,0.0
166,19,E,M,1.0
166,20,E,E,0.0
166,21,E,E,0.0
166,22,E,M,1.0
166,23,E,M,1.0
166,24,E,E,0.0
166,25,E,E,0.0
166,26,E,M,1.0
166,27,E,E,0.0
166,28,E,E,0.0
166,29,E,E,0.0
166,31,E,M,1.0
166,32,E,E,0.0
166,33,E,E,0.0
166,34,E,M,1.0
166,35,E,E,0.0
166,36,E,E,0.0
166,37,E,E,0.0
166,38,E,E,0.0
166,39,E,M,1.0
166,40,E,M,1.0
166,41,E,M,1.0
166,42,E,E,0.0
166,43,E,E,0.0
166,44,E,E,0.0
166,45,E,M,1.0
166,46,E,E,0.0
166,47,E,E,0.0
166,48,E,E,0.0
166,49,E,E,0.0
167,1,E,E,0.0
167,2,E,E,0.0
167,3,E,M,1.0
167,4,E,M,1.0
167,6,E,M,1.0
167,7,E,M,1.0
167,8,E,E,0.0
167,10,E,E,0.0
167,11,E,E,0.0
167,12,E,M,1.0
167,13,E,M,1.0
167,14,E,E,0.0
167,15,E,E,0.0
167,16,E,E,0.0
167,17,E,E,0.0
167,18,E,E,0.0
167,20,E,E,0.0
167,21,E,M,1.0
167,22,E,E,0.0
167,23,E,E,0.0
167,24,E,M,1.0
167,25,E,E,0.0
167,26,E,E,0.0
167,27,E,E,0.0
167,28,E,E,0.0
167,29,E,M,1.0
167,30,E,M,1.0
167,31,E,E,0.0
167,32,E,E,0.0
167,33,E,M,1.0
167,34,E,E,0.0
167,35,E,E,0.0
167,36,E,E,0.0
167,37,E,E,0.0
167,38,E,E,0.0
167,39,E,M,1.0
167,40,E,E,0.0
167,41,E,E,0.0
167,42,E,E,0.0
167,43,E,E,0.0
167,44,E,E,0.0
167,45,E,M,1.0
167,46,E,E,0.0
170,1,E,M,1.0
170,2,E,E,0.0
170,3,E,E,0.0
170,4,E,E,0.0
170,6,E,E,0.0
170,7,E,E,0.0
170,8,E,M,1.0
170,9,E,M,1.0
170,10,E,E,0.0
170,11,E,E,0.0
170,12,E,E,0.0
170,14,E,E,0.0
170,15,E,E,0.0
170,16,E,M,1.0
170,17,E,M,1.0
170,18,E,E,0.0
170,19,E,E,0.0
170,20,E,E,0.0
170,21,E,M,1.0
170,22,E,M,1.0
170,23,E,E,0.0
170,24,E,E,0.0
170,26,E,E,0.0
170,27,E,E,0.0
170,28,E,E,0.0
170,29,E,E,0.0
170,30,E,E,0.0
170,31,E,E,0.0
170,32,E,E,0.0
170,33,E,M,1.0
170,34,E,E,0.0
170,35,E,E,0.0
170,36,E,E,0.0
170,37,E,M,1.0
170,38,E,E,0.0
170,39,E,M,1.0
170,40,E,M,1.0
170,41,E,E,0.0
170,42,E,M,1.0
170,44,E,E,0.0
170,45,E,E,0.0
170,46,E,E,0.0
170,47,E,E,0.0
170,50,E,E,0.0
170,52,E,E,0.0
170,53,E,E,0.0
170,54,E,E,0.0
170,55,E,E,0.0
170,56,E,E,0.0
170,57,E,E,0.0
170,58,E,E,0.0
170,59,E,E,0.0
171,1,E,E,0.0
171,2,E,E,0.0
171,3,E,E,0.0
171,4,E,E,0.0
171,5,E,M,1.0
171,8,E,E,0.0
171,9,E,M,1.0
171,10,E,E,0.0
171,11,E,E,0.0
171,13,E,E,0.0
171,14,E,E,0.0
171,15,E,E,0.0
171,16,E,E,0.0
171,17,E,E,0.0
171,18,E,M,1.0
171,19,E,M,1.0
171,22,E,E,0.0
171,23,E,M,1.0
175,2,E,E,0.0
175,3,E,M,1.0
175,4,E,M,1.0
175,5,E,E,0.0
175,6,E,E,0.0
175,7,E,E,0.0
175,8,E,E,0.0
175,9,E,E,0.0
175,10,E,M,1.0
175,11,E,M,1.0
175,12,E,M,1.0
175,13,E,M,1.0
175,14,E,M,1.0
175,15,E,E,0.0
175,16,E,E,0.0
175,22,E,E,0.0
176,1,E,E,0.0
176,2,E,E,0.0
176,3,E,E,0.0
176,4,E,E,0.0
176,5,E,E,0.0
176,6,E,E,0.0
176,7,E,E,0.0
176,8,E,M,1.0
176,9,E,E,0.0
176,10,E,E,0.0
176,11,E,E,0.0
176,12,E,E,0.0
176,13,E,M,1.0
176,14,E,E,0.0
176,15,E,E,0.0
176,17,E,E,0.0
176,18,E,E,0.0
176,19,E,M,1.0
176,21,E,M,1.0
176,22,E,E,0.0
176,23,E,E,0.0
176,24,E,E,0.0
176,25,E,E,0.0
176,26,E,E,0.0
176,27,E,M,1.0
176,29,E,E,0.0
176,30,E,M,1.0
176,31,E,E,0.0
176,32,E,E,0.0
176,33,E,E,0.0
176,34,E,E,0.0
176,36,E,E,0.0
176,37,E,M,1.0
176,38,E,E,0.0
176,39,E,E,0.0
176,40,E,E,0.0
176,41,E,E,0.0
176,42,E,E,0.0
176,44,E,E,0.0
176,45,E,E,0.0
176,46,E,E,0.0
176,47,E,E,0.0
176,48,E,E,0.0
176,49,E,E,0.0
176,50,E,M,1.0
176,51,E,E,0.0
176,52,E,E,0.0
176,53,E,E,0.0
176,54,E,E,0.0
176,55,E,E,0.0
176,56,E,E,0.0
176,57,E,E,0.0
176,58,E,E,0.0
176,59,E,M,1.0
176,60,E,M,1.0
176,61,E,E,0.0
176,62,E,E,0.0
176,63,E,E,0.0
176,64,E,E,0.0
176,65,E,E,0.0
176,66,E,E,0.0
176,67,E,E,0.0
176,68,E,E,0.0
176,69,E,M,1.0
176,70,E,E,0.0
176,71,E,E,0.0
176,72,E,E,0.0
176,73,E,E,0.0
176,74,E,E,0.0
176,75,E,E,0.0
176,76,E,E,0.0
176,78,E,M,1.0
176,79,E,E,0.0
176,80,E,E,0.0
176,81,E,E,0.0
176,82,E,E,0.0
176,83,E,M,1.0
176,84,E,E,0.0
176,85,E,E,0.0
176,86,E,M,1.0
176,87,E,E,0.0
176,89,E,E,0.0
176,90,E,M,1.0
176,91,E,E,0.0
176,93,E,E,0.0
176,94,E,M,1.0
176,95,E,E,0.0
176,96,E,E,0.0
176,97,E,E,0.0
176,98,E,E,0.0
176,99,E,E,0.0
176,100,E,E,0.0
176,101,E,M,1.0
176,102,E,E,0.0
176,103,E,E,0.0
176,104,E,E,0.0
176,105,E,M,1.0
176,106,E,E,0.0
176,107,E,E,0.0
176,108,E,E,0.0
176,109,E,E,0.0
176,110,E,E,0.0
176,111,E,E,0.0
176,112,E,E,0.0
176,113,E,E,0.0
176,114,E,M,1.0
176,115,E,M,1.0
176,116,E,E,0.0
176,117,E,M,1.0
176,118,E,E,0.0
176,119,E,E,0.0
176,120,E,E,0.0
176,121,E,M,1.0
176,122,E,E,0.0
176,123,E,E,0.0
176,124,E,M,1.0
176,125,E,E,0.0
176,126,E,M,1.0
176,127,E,E,0.0
176,128,E,M,1.0
176,129,E,E,0.0
176,130,E,M,1.0
176,131,E,E,0.0
176,132,E,M,1.0
176,133,E,M,1.0
176,134,E,M,1.0
176,135,E,M,1.0
176,136,E,E,0.0
176,137,E,E,0.0
176,138,E,M,1.0
176,139,E,E,0.0
176,140,E,M,1.0
176,142,E,E,0.0
176,143,E,M,1.0
176,144,E,E,0.0
176,145,E,E,0.0
176,146,E,E,0.0
176,147,E,E,0.0
176,148,E,E,0.0
176,149,E,E,0.0
176,150,E,E,0.0
176,151,E,M,1.0
176,152,E,E,0.0
176,154,E,M,1.0
176,155,E,M,1.0
176,156,E,E,0.0
176,157,E,E,0.0
176,158,E,M,1.0
176,159,E,M,1.0
176,160,E,E,0.0
176,161,E,E,0.0
176,162,E,M,1.0
176,163,E,E,0.0
176,164,E,E,0.0
176,165,E,E,0.0
176,166,E,E,0.0
176,167,E,E,0.0
176,168,E,E,0.0
176,169,E,M,1.0
176,170,E,M,1.0
176,172,E,E,0.0
176,173,E,E,0.0
176,174,E,E,0.0
176,175,E,M,1.0
176,176,E,E,0.0
176,177,E,E,0.0
176,178,E,M,1.0
176,179,E,M,1.0
176,180,E,E,0.0
176,181,E,E,0.0
176,182,E,M,1.0
176,183,E,E,0.0
176,184,E,M,1.0
176,185,E,E,0.0
176,186,E,E,0.0
176,187,E,E,0.0
176,188,E,E,0.0
176,189,E,M,1.0
176,190,E,E,0.0
176,191,E,E,0.0
176,192,E,E,0.0
176,193,E,E,0.0
176,194,E,E,0.0
176,195,E,E,0.0
176,196,E,E,0.0
176,197,E,E,0.0
176,198,E,M,1.0
176,199,E,E,0.0
176,200,E,E,0.0
176,201,E,E,0.0
176,202,E,M,1.0
176,204,E,E,0.0
176,205,E,E,0.0
176,206,E,E,0.0
176,207,E,E,0.0
176,208,E,M,1.0
176,209,E,E,0.0
176,210,E,E,0.0
176,211,E,E,0.0
176,212,E,E,0.0
176,213,E,E,0.0
176,214,E,E,0.0
176,215,E,E,0.0
176,216,E,E,0.0
176,217,E,E,0.0
176,218,E,E,0.0
176,220,E,E,0.0
176,221,E,M,1.0
176,222,E,M,1.0
176,223,E,M,1.0
176,224,E,E,0.0
180,1,E,M,1.0
180,3,E,E,0.0
180,4,E,E,0.0
180,5,E,M,1.0
180,6,E,E,0.0
180,7,E,M,1.0
180,8,E,M,1.0
180,9,E,E,0.0
180,10,E,M,1.0
180,11,E,M,1.0
180,12,E,E,0.0
180,13,E,M,1.0
180,15,E,M,1.0
180,16,E,M,1.0
180,19,E,E,0.0
180,20,E,E,0.0
180,21,E,E,0.0
180,22,E,M,1.0
180,23,E,E,0.0
180,25,E,E,0.0
180,27,E,E,0.0
180,28,E,M,1.0
180,29,E,M,1.0
180,30,E,M,1.0
180,31,E,M,1.0
180,32,E,M,1.0
180,33,E,E,0.0
180,34,E,E,0.0
180,35,E,E,0.0
180,36,E,E,0.0
180,37,E,E,0.0
180,38,E,M,1.0
180,39,E,E,0.0
180,40,E,M,1.0
180,41,E,M,1.0
180,42,E,E,0.0
180,43,E,E,0.0
180,44,E,E,0.0
180,45,E,M,1.0
180,48,E,E,0.0
180,49,E,M,1.0
180,50,E,E,0.0
180,51,E,E,0.0
180,52,E,E,0.0
180,53,E,M,1.0
180,54,E,E,0.0
180,55,E,E,0.0
180,56,E,E,0.0
180,57,E,M,1.0
180,58,E,M,1.0
180,59,E,E,0.0
180,60,E,M,1.0
180,63,E,E,0.0
180,64,E,E,0.0
180,66,E,M,1.0
180,67,E,E,0.0
180,69,E,E,0.0
180,71,E,E,0.0
184,1,E,E,0.0
184,2,E,M,1.0
184,3,E,M,1.0
184,4,E,E,0.0
184,5,E,E,0.0
184,6,E,E,0.0
184,7,E,E,0.0
184,8,E,M,1.0
184,9,E,E,0.0
184,10,E,M,1.0
184,11,E,E,0.0
184,12,E,M,1.0
184,13,E,M,1.0
184,14,E,M,1.0
184,15,E,M,1.0
184,16,E,E,0.0
184,17,E,M,1.0
184,18,E,M,1.0
184,19,E,E,0.0
184,20,E,E,0.0
184,21,E,M,1.0
184,22,E,M,1.0
184,23,E,E,0.0
184,24,E,E,0.0
184,25,E,E,0.0
184,26,E,E,0.0
184,27,E,E,0.0
184,28,E,E,0.0
184,29,E,E,0.0
184,30,E,M,1.0
184,31,E,M,1.0
184,32,E,M,1.0
184,33,E,E,0.0
184,34,E,M,1.0
184,35,E,M,1.0
184,37,E,E,0.0
184,40,E,E,0.0
184,41,E,E,0.0
185,2,E,M,1.0
185,3,E,E,0.0
185,4,E,E,0.0
185,5,E,E,0.0
185,6,E,E,0.0
185,7,E,E,0.0
185,8,E,M,1.0
185,9,E,E,0.0
185,10,E,E,0.0
185,11,E,E,0.0
185,12,E,E,0.0
185,13,E,E,0.0
185,14,E,E,0.0
185,15,E,E,0.0
185,16,E,E,0.0
185,17,E,E,0.0
185,18,E,M,1.0
185,19,E,M,1.0
185,20,E,E,0.0
185,21,E,M,1.0
185,22,E,E,0.0
185,23,E,E,0.0
185,24,E,M,1.0
185,25,E,E,0.0
185,26,E,E,0.0
185,27,E,E,0.0
185,28,E,E,0.0
185,29,E,E,0.0
185,30,E,E,0.0
185,31,E,E,0.0
185,32,E,E,0.0
185,33,E,E,0.0
185,34,E,E,0.0
185,35,E,E,0.0
185,36,E,E,0.0
185,37,E,M,1.0
185,38,E,E,0.0
185,39,E,E,0.0
185,40,E,E,0.0
185,44,E,E,0.0
185,45,E,M,1.0
185,46,E,E,0.0
185,47,E,M,1.0
189,1,E,E,0.0
189,2,E,E,0.0
189,4,E,M,1.0
189,5,E,E,0.0
189,6,E,E,0.0
189,7,E,E,0.0
189,8,E,E,0.0
189,9,E,E,0.0
189,10,E,E,0.0
189,11,E,E,0.0
189,12,E,E,0.0
189,13,E,M,1.0
189,15,E,E,0.0
189,16,E,E,0.0
189,17,E,E,0.0
189,19,E,E,0.0
189,20,E,E,0.0
189,21,E,E,0.0
189,22,E,E,0.0
189,24,E,E,0.0
189,25,E,E,0.0
189,26,E,E,0.0
189,27,E,E,0.0
189,28,E,E,0.0
189,29,E,E,0.0
189,30,E,E,0.0
189,31,E,M,1.0
189,32,E,E,0.0
189,33,E,E,0.0
189,34,E,E,0.0
189,35,E,M,1.0
189,36,E,E,0.0
189,37,E,E,0.0
189,39,E,M,1.0
189,40,E,E,0.0
189,41,E,E,0.0
189,42,E,E,0.0
189,43,E,E,0.0
189,44,E,M,1.0
189,45,E,E,0.0
189,46,E,E,0.0
189,47,E,E,0.0
189,48,E,E,0.0
189,49,E,E,0.0
189,50,E,M,1.0
189,51,E,E,0.0
189,52,E,E,0.0
189,53,E,E,0.0
189,54,E,M,1.0
189,56,E,E,0.0
189,57,E,E,0.0
189,58,E,E,0.0
189,59,E,E,0.0
189,60,E,E,0.0
189,62,E,E,0.0
189,63,E,E,0.0
189,64,E,E,0.0
189,67,E,E,0.0
189,68,E,E,0.0
189,70,E,E,0.0
189,71,E,E,0.0
189,72,E,E,0.0
189,73,E,E,0.0
189,74,E,E,0.0
189,75,E,M,1.0
189,76,E,E,0.0
189,77,E,E,0.0
189,78,E,E,0.0
189,79,E,E,0.0
190,1,E,E,0.0
190,2,E,M,1.0
190,4,E,E,0.0
190,5,E,E,0.0
190,6,E,M,1.0
190,7,E,E,0.0
190,8,E,E,0.0
190,9,E,E,0.0
190,11,E,E,0.0
190,12,E,E,0.0
190,13,E,M,1.0
190,15,E,E,0.0
190,16,E,E,0.0
190,17,E,E,0.0
190,18,E,M,1.0
190,19,E,E,0.0
190,20,E,E,0.0
190,21,E,E,0.0
190,22,E,E,0.0
190,23,E,E,0.0
190,24,E,E,0.0
190,25,E,M,1.0
190,26,E,E,0.0
190,27,E,E,0.0
190,28,E,E,0.0
190,29,E,M,1.0
190,30,E,E,0.0
190,31,E,E,0.0
190,32,E,E,0.0
190,33,E,E,0.0
190,34,E,E,0.0
190,35,E,E,0.0
191,1,E,M,1.0
191,3,E,M,1.0
191,4,E,E,0.0
191,5,E,E,0.0
191,6,E,E,0.0
191,12,E,E,0.0
191,13,E,E,0.0
191,14,E,E,0.0
191,15,E,E,0.0
191,16,E,M,1.0
191,17,E,M,1.0
191,18,E,E,0.0
191,19,E,M,1.0
191,20,E,M,1.0
191,21,E,E,0.0
191,22,E,E,0.0
191,23,E,E,0.0
191,24,E,E,0.0
191,26,E,M,1.0
191,27,E,E,0.0
191,28,E,E,0.0
191,29,E,E,0.0
191,30,E,E,0.0
191,31,E,E,0.0
191,32,E,E,0.0
192,1,E,E,0.0
192,2,E,M,1.0
192,3,E,E,0.0
192,5,E,M,1.0
192,7,E,M,1.0
192,8,E,M,1.0
192,9,E,E,0.0
192,10,E,E,0.0
192,11,E,E,0.0
192,12,E,E,0.0
192,13,E,E,0.0
192,14,E,M,1.0
192,15,E,E,0.0
192,16,E,M,1.0
192,17,E,E,0.0
198,2,E,E,0.0
198,3,E,E,0.0
198,6,E,E,0.0
198,8,E,E,0.0
198,9,E,E,0.0
198,10,E,E,0.0
198,11,E,M,1.0
198,12,E,M,1.0
198,16,E,E,0.0
198,17,E,M,1.0
198,18,E,E,0.0
198,21,E,M,1.0
198,22,E,E,0.0
198,23,E,E,0.0
198,24,E,M,1.0
198,25,E,E,0.0
198,28,E,M,1.0
198,29,E,M,1.0
198,31,E,M,1.0
198,32,E,M,1.0
198,33,E,M,1.0
198,34,E,M,1.0
198,35,E,M,1.0
198,36,E,M,1.0
198,37,E,M,1.0
198,38,E,M,1.0
198,39,E,E,0.0
198,40,E,M,1.0
198,41,E,E,0.0
198,42,E,E,0.0
198,43,E,E,0.0
198,44,E,E,0.0
198,45,E,E,0.0
198,47,E,E,0.0
198,48,E,E,0.0
198,49,E,E,0.0
198,50,E,M,1.0
198,51,E,M,1.0
198,52,E,M,1.0
198,53,E,M,1.0
198,54,E,E,0.0
198,55,E,E,0.0
198,56,E,E,0.0
198,57,E,E,0.0
198,58,E,E,0.0
198,59,E,E,0.0
198,60,E,M,1.0
198,61,E,E,0.0
198,62,E,E,0.0
198,63,E,M,1.0
198,64,E,E,0.0
198,65,E,E,0.0
198,67,E,E,0.0
198,68,E,E,0.0
198,69,E,M,1.0
198,70,E,E,0.0
198,71,E,E,0.0
198,72,E,M,1.0
198,73,E,E,0.0
198,74,E,E,0.0
198,75,E,M,1.0
198,76,E,M,1.0
198,77,E,E,0.0
198,80,E,E,0.0
198,81,E,E,0.0
198,82,E,M,1.0
198,83,E,E,0.0
198,84,E,E,0.0
198,85,E,M,1.0
198,87,E,M,1.0
198,88,E,E,0.0
198,89,E,E,0.0
198,90,E,M,1.0
198,91,E,E,0.0
198,92,E,M,1.0
198,93,E,E,0.0
198,95,E,E,0.0
198,96,E,E,0.0
198,97,E,M,1.0
198,98,E,E,0.0
198,99,E,E,0.0
198,100,E,E,0.0
198,101,E,E,0.0
198,102,E,E,0.0
198,103,E,E,0.0
198,104,E,E,0.0
198,106,E,E,0.0
198,107,E,E,0.0
198,108,E,M,1.0
198,109,E,M,1.0
198,110,E,E,0.0
198,111,E,E,0.0
198,113,E,E,0.0
198,114,E,E,0.0
198,115,E,E,0.0
198,116,E,E,0.0
198,117,E,E,0.0
199,1,E,E,0.0
199,2,E,E,0.0
199,3,E,E,0.0
199,4,E,E,0.0
199,5,E,E,0.0
199,6,E,E,0.0
199,7,E,E,0.0
199,8,E,M,1.0
199,9,E,M,1.0
199,10,E,E,0.0
199,11,E,M,1.0
199,12,E,E,0.0
199,13,E,E,0.0
199,14,E,E,0.0
199,15,E,E,0.0
199,16,E,E,0.0
199,17,E,M,1.0
199,18,E,M,1.0
199,19,E,E,0.0
199,27,E,E,0.0
199,28,E,E,0.0
199,30,E,M,1.0
199,31,E,E,0.0
199,33,E,M,1.0
199,34,E,E,0.0
199,36,E,M,1.0
199,37,E,E,0.0
199,38,E,E,0.0
199,39,E,E,0.0
199,40,E,E,0.0
199,41,E,E,0.0
199,44,E,E,0.0
199,45,E,E,0.0
199,46,E,M,1.0
199,47,E,E,0.0
199,48,E,E,0.0
199,49,E,E,0.0
199,50,E,E,0.0
199,51,E,E,0.0
199,52,E,E,0.0
199,53,E,E,0.0
199,54,E,E,0.0
199,57,E,E,0.0
199,58,E,E,0.0
199,59,E,M,1.0
199,61,E,M,1.0
199,63,E,E,0.0
199,64,E,M,1.0
199,65,E,E,0.0
199,66,E,E,0.0
199,67,E,M,1.0
199,68,E,M,1.0
199,69,E,E,0.0
199,70,E,E,0.0
199,71,E,M,1.0
199,72,E,E,0.0
199,73,E,M,1.0
199,74,E,E,0.0
200,1,E,E,0.0
200,2,E,E,0.0
200,3,E,E,0.0
200,4,E,M,1.0
200,5,E,E,0.0
200,6,E,E,0.0
200,7,E,M,1.0
200,8,E,E,0.0
200,9,E,E,0.0
200,10,E,E,0.0
200,11,E,E,0.0
200,13,E,E,0.0
200,14,E,E,0.0
200,15,E,M,1.0
200,17,E,E,0.0
200,18,E,E,0.0
200,19,E,E,0.0
200,20,E,E,0.0
200,22,E,E,0.0
200,23,E,E,0.0
200,24,E,E,0.0
200,25,E,E,0.0
200,26,E,E,0.0
200,27,E,E,0.0
200,28,E,E,0.0
200,31,E,E,0.0
200,32,E,M,1.0
200,34,E,E,0.0
200,35,E,M,1.0
200,36,E,M,1.0
200,37,E,E,0.0
200,38,E,M,1.0
200,39,E,E,0.0
200,40,E,E,0.0
200,41,E,E,0.0
200,42,E,M,1.0
201,2,E,E,0.0
201,3,E,E,0.0
201,4,E,E,0.0
201,5,E,M,1.0
201,6,E,E,0.0
201,8,E,M,1.0
201,9,E,E,0.0
201,10,E,E,0.0
201,11,E,E,0.0
201,13,E,E,0.0
201,14,E,E,0.0
201,15,E,E,0.0
201,16,E,E,0.0
201,17,E,M,1.0
201,18,E,E,0.0
201,19,E,M,1.0
201,20,E,M,1.0
201,21,E,E,0.0
201,22,E,E,0.0
201,23,E,E,0.0
201,25,E,E,0.0
201,26,E,E,0.0
201,27,E,E,0.0
201,28,E,M,1.0
201,29,E,M,1.0
201,31,E,E,0.0
201,32,E,E,0.0
201,33,E,M,1.0
201,34,E,E,0.0
201,35,E,E,0.0
201,36,E,M,1.0
201,38,E,E,0.0
201,39,E,E,0.0
201,40,E,E,0.0
201,41,E,E,0.0
201,42,E,E,0.0
201,43,E,E,0.0
201,44,E,E,0.0
201,45,E,E,0.0
201,46,E,E,0.0
201,47,E,E,0.0
201,48,E,E,0.0
201,49,E,E,0.0
201,50,E,E,0.0
201,51,E,E,0.0
201,52,E,E,0.0
201,53,E,E,0.0
201,54,E,E,0.0
201,56,E,E,0.0
201,57,E,E,0.0
201,58,E,M,1.0
201,59,E,E,0.0
201,60,E,E,0.0
201,61,E,E,0.0
201,62,E,E,0.0
201,63,E,E,0.0
201,64,E,E,0.0
201,65,E,E,0.0
201,66,E,E,0.0
201,67,E,E,0.0
201,68,E,M,1.0
201,69,E,E,0.0
201,70,E,E,0.0
201,71,E,E,0.0
201,72,E,E,0.0
201,73,E,E,0.0
201,74,E,E,0.0
201,75,E,E,0.0
201,77,E,M,1.0
201,78,E,M,1.0
201,79,E,M,1.0
201,80,E,E,0.0
201,81,E,M,1.0
201,82,E,E,0.0
201,83,E,M,1.0
201,84,E,E,0.0
201,85,E,E,0.0
201,86,E,E,0.0
201,87,E,E,0.0
201,90,E,M,1.0
201,91,E,E,0.0
201,93,E,E,0.0
201,94,E,E,0.0
201,95,E,E,0.0
201,96,E,M,1.0
201,97,E,M,1.0
201,98,E,M,1.0
201,99,E,M,1.0
201,100,E,E,0.0
202,2,E,E,0.0
202,3,E,E,0.0
202,5,E,E,0.0
202,6,E,E,0.0
202,7,E,M,1.0
202,8,E,M,1.0
202,9,E,E,0.0
202,11,E,E,0.0
202,12,E,E,0.0
202,13,E,E,0.0
202,14,E,E,0.0
202,15,E,E,0.0
202,16,E,E,0.0
202,17,E,M,1.0
202,20,E,M,1.0
202,22,E,E,0.0
202,23,E,M,1.0
202,24,E,E,0.0
202,25,E,E,0.0
202,26,E,E,0.0
202,27,E,E,0.0
202,28,E,E,0.0
202,29,E,E,0.0
202,30,E,E,0.0
202,31,E,E,0.0
202,32,E,E,0.0
202,33,E,E,0.0
202,34,E,E,0.0
202,35,E,E,0.0
202,36,E,E,0.0
202,37,E,E,0.0
202,38,E,E,0.0
202,39,E,M,1.0
202,40,E,E,0.0
202,41,E,E,0.0
202,42,E,E,0.0
202,43,E,M,1.0
202,44,E,M,1.0
202,45,E,E,0.0
202,46,E,E,0.0
202,47,E,E,0.0
202,48,E,E,0.0
202,49,E,E,0.0
202,50,E,E,0.0
202,51,E,E,0.0
202,52,E,E,0.0
202,53,E,E,0.0
202,54,E,E,0.0
202,55,E,M,1.0
202,56,E,E,0.0
202,57,E,E,0.0
202,58,E,E,0.0
202,59,E,E,0.0
202,61,E,E,0.0
202,62,E,E,0.0
202,63,E,E,0.0
202,64,E,E,0.0
202,65,E,E,0.0
202,66,E,E,0.0
202,67,E,M,1.0
202,68,E,E,0.0
202,69,E,M,1.0
202,70,E,M,1.0
202,71,E,E,0.0
202,72,E,E,0.0
202,73,E,E,0.0
202,74,E,E,0.0
202,75,E,E,0.0
202,76,E,E,0.0
202,77,E,M,1.0
202,78,E,E,0.0
202,79,E,E,0.0
202,80,E,E,0.0
202,81,E,E,0.0
202,82,E,E,0.0
202,83,E,E,0.0
202,84,E,E,0.0
202,85,E,E,0.0
202,86,E,E,0.0
202,87,E,E,0.0
202,88,E,M,1.0
202,89,E,E,0.0
202,90,E,E,0.0
202,91,E,E,0.0
202,92,E,E,0.0
202,93,E,E,0.0
202,94,E,E,0.0
215,2,E,E,0.0
215,4,E,M,1.0
215,5,E,E,0.0
215,6,E,M,1.0
215,7,E,M,1.0
215,9,E,M,1.0
215,10,E,M,1.0
215,11,E,E,0.0
215,12,E,M,1.0
215,14,E,M,1.0
215,15,E,M,1.0
215,18,E,E,0.0
215,19,E,E,0.0
215,20,E,E,0.0
215,21,E,M,1.0
215,22,E,E,0.0
215,23,E,E,0.0
215,24,E,M,1.0
215,26,E,E,0.0
215,28,E,E,0.0
215,29,E,M,1.0
215,33,E,E,0.0
215,34,E,M,1.0
216,1,E,E,0.0
216,3,E,E,0.0
216,4,E,E,0.0
216,5,E,E,0.0
216,6,E,E,0.0
216,7,E,E,0.0
216,8,E,M,1.0
216,10,E,E,0.0
216,11,E,E,0.0
216,12,E,M,1.0
216,14,E,E,0.0
216,15,E,M,1.0
216,18,E,M,1.0
216,20,E,E,0.0
216,21,E,M,1.0
216,23,E,M,1.0
216,25,E,E,0.0
217,3,E,M,1.0
217,4,E,M,1.0
217,5,E,M,1.0
217,6,E,E,0.0
217,8,E,M,1.0
217,10,E,M,1.0
217,11,E,M,1.0
217,12,E,E,0.0
217,13,E,E,0.0
217,14,E,M,1.0
217,15,E,E,0.0
217,17,E,E,0.0
217,18,E,M,1.0
217,19,E,E,0.0
217,21,E,M,1.0
217,23,E,E,0.0
217,24,E,M,1.0
217,25,E,M,1.0
217,27,E,M,1.0
217,28,E,E,0.0
217,29,E,E,0.0
217,30,E,E,0.0
218,1,E,M,1.0
218,4,E,M,1.0
218,8,E,E,0.0
218,11,E,E,0.0
218,14,E,E,0.0
218,15,E,E,0.0
218,18,E,M,1.0
218,19,E,E,0.0
218,20,E,E,0.0
218,21,E,M,1.0
218,22,E,E,0.0
218,23,E,M,1.0
218,24,E,M,1.0
218,25,E,M,1.0
218,26,E,M,1.0
218,28,E,M,1.0
218,30,E,E,0.0
218,32,E,E,0.0
218,34,E,M,1.0
218,35,E,E,0.0
218,36,E,M,1.0
218,37,E,E,0.0
218,38,E,E,0.0
218,39,E,E,0.0
218,42,E,M,1.0
218,43,E,E,0.0
218,44,E,E,0.0
218,45,E,E,0.0
218,46,E,E,0.0
218,47,E,E,0.0
218,50,E,E,0.0
218,51,E,M,1.0
219,1,E,M,1.0
219,2,E,E,0.0
219,3,E,M,1.0
219,4,E,M,1.0
219,5,E,E,0.0
219,6,E,M,1.0
219,7,E,M,1.0
219,8,E,E,0.0
219,9,E,M,1.0
219,10,E,M,1.0
219,11,E,E,0.0
219,12,E,E,0.0
219,13,E,M,1.0
219,16,E,E,0.0
219,17,E,M,1.0
219,18,E,E,0.0
219,19,E,M,1.0
219,20,E,M,1.0
219,21,E,E,0.0
219,22,E,M,1.0
219,23,E,E,0.0
219,25,E,M,1.0
219,26,E,E,0.0
219,27,E,E,0.0
219,28,E,E,0.0
219,30,E,M,1.0
219,31,E,E,0.0
219,32,E,M,1.0
219,33,E,E,0.0
219,34,E,M,1.0
219,36,E,M,1.0
219,37,E,E,0.0
219,38,E,E,0.0
219,39,E,M,1.0
219,42,E,M,1.0
219,43,E,M,1.0
219,44,E,M,1.0
221,1,E,E,0.0
221,2,E,E,0.0
221,3,E,M,1.0
221,4,E,E,0.0
221,5,E,E,0.0
221,6,E,E,0.0
221,7,E,M,1.0
221,8,E,E,0.0
221,9,E,M,1.0
221,10,E,M,1.0
221,11,E,M,1.0
221,12,E,M,1.0
221,13,E,M,1.0
221,14,E,M,1.0
221,15,E,E,0.0
221,16,E,M,1.0
221,17,E,M,1.0
221,18,E,M,1.0
221,19,E,E,0.0
221,20,E,E,0.0
221,21,E,M,1.0
221,22,E,E,0.0
221,23,E,M,1.0
221,24,E,M,1.0
221,25,E,M,1.0
221,27,E,M,1.0
221,28,E,M,1.0
221,29,E,E,0.0
221,30,E,M,1.0
221,31,E,E,0.0
221,32,E,M,1.0
221,33,E,E,0.0
221,34,E,M,1.0
221,35,E,E,0.0
221,36,E,M,1.0
221,37,E,M,1.0
221,38,E,M,1.0
222,1,E,E,0.0
222,2,E,E,0.0
222,3,E,M,1.0
222,4,E,M,1.0
222,6,E,M,1.0
222,7,E,M,1.0
222,8,E,E,0.0
222,10,E,E,0.0
222,11,E,E,0.0
222,12,E,E,0.0
223,1,E,M,1.0
223,3,E,M,1.0
223,4,E,E,0.0
223,5,E,E,0.0
223,7,E,M,1.0
225,1,E,M,1.0
225,2,E,E,0.0
225,3,E,E,0.0
225,4,E,M,1.0
225,5,E,E,0.0
225,6,E,M,1.0
225,7,E,E,0.0
225,8,E,M,1.0
225,9,E,E,0.0
225,10,E,E,0.0
225,11,E,E,0.0
225,13,E,M,1.0
225,14,E,E,0.0
226,1,E,E,0.0
226,2,E,E,0.0
226,3,E,E,0.0
226,4,E,E,0.0
226,5,E,E,0.0
226,6,E,E,0.0
226,7,E,E,0.0
226,8,E,M,1.0
226,9,E,E,0.0
226,10,E,M,1.0
226,11,E,E,0.0
226,12,E,E,0.0
226,13,E,M,1.0
226,14,E,E,0.0
226,15,E,M,1.0
226,17,E,E,0.0
226,18,E,M,1.0
226,19,E,E,0.0
226,20,E,M,1.0
226,21,E,M,1.0
226,22,E,E,0.0
226,23,E,M,1.0
226,24,E,M,1.0
226,26,E,M,1.0
226,28,E,M,1.0
226,30,E,M,1.0
226,31,E,E,0.0
226,32,E,M,1.0
226,33,E,E,0.0
226,34,E,E,0.0
226,35,E,E,0.0
226,36,E,E,0.0
226,37,E,M,1.0
226,38,E,M,1.0
235,2,E,M,1.0
235,4,E,M,1.0
235,9,E,E,0.0
235,10,E,E,0.0
235,14,E,M,1.0
235,16,E,E,0.0
235,17,E,M,1.0
235,18,E,M,1.0
235,19,E,E,0.0
235,20,E,E,0.0
236,1,E,M,1.0
236,3,E,E,0.0
236,5,E,E,0.0
236,7,E,M,1.0
236,9,E,E,0.0
236,11,E,E,0.0
236,12,E,M,1.0
236,13,E,M,1.0
236,14,E,E,0.0
236,15,E,M,1.0
236,16,E,M,1.0
236,17,E,M,1.0
236,18,E,M,1.0
236,21,E,E,0.0
236,22,E,E,0.0
236,23,E,E,0.0
236,24,E,E,0.0
236,25,E,E,0.0
236,26,E,E,0.0
236,30,E,E,0.0
236,33,E,E,0.0
236,34,E,E,0.0
237,1,E,E,0.0
237,2,E,M,1.0
237,3,E,E,0.0
237,4,E,E,0.0
237,5,E,E,0.0
237,6,E,E,0.0
237,7,E,E,0.0
237,8,E,E,0.0
237,9,E,E,0.0
237,10,E,E,0.0
237,11,E,E,0.0
237,12,E,E,0.0
237,13,E,E,0.0
237,14,E,E,0.0
237,15,E,E,0.0
237,16,E,M,1.0
237,17,E,E,0.0
237,18,E,E,0.0
237,20,E,M,1.0
237,21,E,E,0.0
237,22,E,E,0.0
237,23,E,E,0.0
237,24,E,E,0.0
237,25,E,M,1.0
237,26,E,E,0.0
237,27,E,M,1.0
237,29,E,E,0.0
237,30,E,E,0.0
237,31,E,E,0.0
237,32,E,M,1.0
237,34,E,E,0.0
237,35,E,E,0.0
237,36,E,E,0.0
237,37,E,E,0.0
237,38,E,E,0.0
237,39,E,E,0.0
237,40,E,E,0.0
237,41,E,E,0.0
237,43,E,E,0.0
237,44,E,E,0.0
237,45,E,E,0.0
237,46,E,E,0.0
237,47,E,M,1.0
237,48,E,E,0.0
237,49,E,E,0.0
237,50,E,E,0.0
237,51,E,M,1.0
237,52,E,E,0.0
237,53,E,E,0.0
237,54,E,M,1.0
237,55,E,M,1.0
238,2,E,E,0.0
238,3,E,M,1.0
238,4,E,E,0.0
238,5,E,M,1.0
238,6,E,E,0.0
238,7,E,E,0.0
238,9,E,M,1.0
238,10,E,E,0.0
238,11,E,E,0.0
238,12,E,E,0.0
238,13,E,E,0.0
238,14,E,M,1.0
238,15,E,M,1.0
238,16,E,E,0.0
238,17,E,M,1.0
238,18,E,M,1.0
238,19,E,E,0.0
238,20,E,E,0.0
238,21,E,E,0.0
238,22,E,M,1.0
238,23,E,M,1.0
238,24,E,M,1.0
239,1,E,E,0.0
239,2,E,E,0.0
239,4,E,E,0.0
239,5,E,E,0.0
239,6,E,M,1.0
239,7,E,E,0.0
239,8,E,E,0.0
239,9,E,E,0.0
239,10,E,E,0.0
239,11,E,E,0.0
239,12,E,M,1.0
239,13,E,M,1.0
239,14,E,M,1.0
239,15,E,E,0.0
239,16,E,M,1.0
239,17,E,E,0.0
239,18,E,E,0.0
239,19,E,E,0.0
239,20,E,M,1.0
239,21,E,E,0.0
239,23,E,E,0.0
239,24,E,M,1.0
239,25,E,E,0.0
239,26,E,M,1.0
239,27,E,E,0.0
239,28,E,M,1.0
239,29,E,M,1.0
239,30,E,E,0.0
240,1,E,M,1.0
240,2,E,E,0.0
240,3,E,E,0.0
240,4,E,E,0.0
240,5,E,M,1.0
240,6,E,E,0.0
240,7,E,E,0.0
240,8,E,M,1.0
240,9,E,M,1.0
240,10,E,M,1.0
240,11,E,E,0.0
240,12,E,M,1.0
240,13,E,E,0.0
240,14,E,E,0.0
240,15,E,M,1.0
240,17,E,E,0.0
240,18,E,E,0.0
240,19,E,M,1.0
240,20,E,M,1.0
240,21,E,M,1.0
240,22,E,E,0.0
240,23,E,M,1.0
240,24,E,E,0.0
240,25,E,M,1.0
240,26,E,E,0.0
240,27,E,M,1.0
240,28,E,M,1.0
240,29,E,M,1.0
240,30,E,E,0.0
240,31,E,E,0.0
241,1,E,M,1.0
241,2,E,M,1.0
241,6,E,E,0.0
241,7,E,E,0.0
248,2,E,M,1.0
248,4,E,M,1.0
248,5,E,E,0.0
248,7,E,E,0.0
248,8,E,E,0.0
248,9,E,M,1.0
248,10,E,M,1.0
248,11,E,M,1.0
248,12,E,M,1.0
248,14,E,E,0.0
248,15,E,M,1.0
248,16,E,M,1.0
248,17,E,M,1.0
248,18,E,M,1.0
248,19,E,M,1.0
248,20,E,M,1.0
248,21,E,E,0.0
248,22,E,M,1.0
248,23,E,E,0.0
248,24,E,M,1.0
248,25,E,M,1.0
248,26,E,M,1.0
248,27,E,M,1.0
248,28,E,E,0.0
248,29,E,M,1.0
248,31,E,E,0.0
248,32,E,E,0.0
248,33,E,E,0.0
248,34,E,E,0.0
248,35,E,E,0.0
248,36,E,M,1.0
248,37,E,E,0.0
248,38,E,M,1.0
248,39,E,M,1.0
248,40,E,M,1.0
248,41,E,M,1.0
248,42,E,M,1.0
248,43,E,M,1.0
248,44,E,M,1.0
248,45,E,M,1.0
248,46,E,M,1.0
248,47,E,M,1.0
248,48,E,M,1.0
248,49,E,E,0.0
248,50,E,M,1.0
248,51,E,E,0.0
248,52,E,E,0.0
248,53,E,M,1.0
248,54,E,M,1.0
248,55,E,M,1.0
248,57,E,M,1.0
249,1,E,M,1.0
249,2,E,M,1.0
249,3,E,M,1.0
249,4,E,E,0.0
249,5,E,M,1.0
249,6,E,M,1.0
249,7,E,M,1.0
252,4,E,M,1.0
252,5,E,M,1.0
252,6,E,M,1.0
253,2,E,E,0.0
253,3,E,E,0.0
253,4,E,E,0.0
253,5,E,M,1.0
253,6,E,M,1.0
253,7,E,E,0.0
253,8,E,M,1.0
253,9,E,M,1.0
253,10,E,M,1.0
253,12,E,E,0.0
253,13,E,M,1.0
253,14,E,M,1.0
253,15,E,E,0.0
253,16,E,M,1.0
254,2,E,M,1.0
254,3,E,M,1.0
254,4,E,E,0.0
254,5,E,M,1.0
254,6,E,E,0.0
254,7,E,M,1.0
254,8,E,E,0.0
254,9,E,E,0.0
254,10,E,M,1.0
254,11,E,M,1.0
254,12,E,M,1.0
254,13,E,M,1.0
254,14,E,E,0.0
254,15,E,E,0.0
254,16,E,E,0.0
254,17,E,E,0.0
254,18,E,E,0.0
254,19,E,M,1.0
254,20,E,E,0.0
254,21,E,M,1.0
254,22,E,M,1.0
254,23,E,M,1.0
254,27,E,M,1.0
254,28,E,E,0.0
254,29,E,M,1.0
255,1,E,E,0.0
255,3,E,E,0.0
255,4,E,E,0.0
255,5,E,E,0.0
255,7,E,M,1.0
255,8,E,M,1.0
255,9,E,E,0.0
255,10,E,E,0.0
255,11,E,E,0.0
255,12,E,E,0.0
255,13,E,E,0.0
255,15,E,E,0.0
255,16,E,M,1.0
255,17,E,E,0.0
255,18,E,E,0.0
255,19,E,M,1.0
255,20,E,E,0.0
255,21,E,E,0.0
255,22,E,E,0.0
255,23,E,E,0.0
256,1,E,M,1.0
256,4,E,M,1.0
256,5,E,E,0.0
256,6,E,M,1.0
256,7,E,M,1.0
256,8,E,M,1.0
256,9,E,E,0.0
256,10,E,M,1.0
256,11,E,M,1.0
256,12,E,M,1.0
256,13,E,E,0.0
256,14,E,M,1.0
256,15,E,E,0.0
256,16,E,E,0.0
257,1,E,E,0.0
257,2,E,M,1.0
257,3,E,E,0.0
257,4,E,M,1.0
257,5,E,M,1.0
257,6,E,E,0.0
257,7,E,M,1.0
257,8,E,M,1.0
257,9,E,E,0.0
257,10,E,E,0.0
258,1,E,M,1.0
258,2,E,E,0.0
258,4,E,M,1.0
258,5,E,E,0.0
258,6,E,E,0.0
258,8,E,M,1.0
258,9,E,M,1.0
258,10,E,E,0.0
258,11,E,E,0.0
258,13,E,E,0.0
258,14,E,M,1.0
258,16,E,M,1.0
258,18,E,M,1.0
258,19,E,E,0.0
258,20,E,M,1.0
258,21,E,M,1.0
258,22,E,M,1.0
258,23,E,M,1.0
258,24,E,M,1.0
258,25,E,M,1.0
258,26,E,M,1.0
258,27,E,E,0.0
258,28,E,M,1.0
258,29,E,M,1.0
258,30,E,E,0.0
258,31,E,M,1.0
258,32,E,M,1.0
258,33,E,M,1.0
258,34,E,M,1.0
258,35,E,M,1.0
258,36,E,E,0.0
258,39,E,M,1.0
258,40,E,E,0.0
258,41,E,E,0.0
258,42,E,M,1.0
258,43,E,E,0.0
258,45,E,E,0.0
258,46,E,M,1.0
258,47,E,M,1.0
258,48,E,M,1.0
258,49,E,M,1.0
258,50,E,M,1.0
258,51,E,M,1.0
258,52,E,M,1.0
258,53,E,E,0.0
259,1,E,E,0.0
259,2,E,M,1.0
259,3,E,E,0.0
259,5,E,E,0.0
259,6,E,E,0.0
259,7,E,E,0.0
260,1,E,M,1.0
260,2,E,M,1.0
261,1,E,M,1.0
261,3,E,M,1.0
261,4,E,M,1.0
261,5,E,E,0.0
261,6,E,M,1.0
262,1,E,E,0.0
262,2,E,M,1.0
262,3,E,E,0.0
262,4,E,M,1.0
262,5,E,E,0.0
262,6,E,M,1.0
262,7,E,M,1.0
262,8,E,M,1.0
262,9,E,M,1.0
262,10,E,M,1.0
262,11,E,M,1.0
262,12,E,E,0.0
267,1,E,M,1.0
267,3,E,M,1.0
267,4,E,M,1.0
267,5,E,M,1.0
267,6,E,E,0.0
267,7,E,E,0.0
267,8,E,E,0.0
267,9,E,E,0.0
267,10,E,E,0.0
267,11,E,E,0.0
268,1,E,M,1.0
268,2,E,M,1.0
268,3,E,M,1.0
268,4,E,E,0.0
268,7,E,M,1.0
268,8,E,E,0.0
268,9,E,M,1.0
268,10,E,M,1.0
268,11,E,M,1.0
268,12,E,E,0.0
268,13,E,E,0.0
268,14,E,E,0.0
269,1,E,M,1.0
269,2,E,E,0.0
269,3,E,E,0.0
269,4,E,E,0.0
269,5,E,E,0.0
269,6,E,E,0.0
269,8,E,E,0.0
269,9,E,M,1.0
269,10,E,E,0.0
269,11,E,M,1.0
269,12,E,E,0.0
269,13,E,M,1.0
269,14,E,M,1.0
269,15,E,E,0.0
269,16,E,M,1.0
269,17,E,E,0.0
269,18,E,M,1.0
269,19,E,M,1.0
269,20,E,E,0.0
269,21,E,E,0.0
269,23,E,M,1.0
269,25,E,E,0.0
269,27,E,M,1.0
269,28,E,E,0.0
270,6,E,M,1.0
270,8,E,E,0.0
270,9,E,E,0.0
270,15,E,E,0.0
270,19,E,M,1.0
270,20,E,E,0.0
270,22,E,E,0.0
270,23,E,E,0.0
270,24,E,E,0.0
270,26,E,E,0.0
270,27,E,E,0.0
270,29,E,E,0.0
270,30,E,M,1.0
270,31,E,M,1.0
270,32,E,M,1.0
270,33,E,E,0.0
270,34,E,M,1.0
270,37,E,E,0.0
270,39,E,E,0.0
270,40,E,M,1.0
271,1,E,E,0.0
271,2,E,M,1.0
271,3,E,M,1.0
271,4,E,E,0.0
271,5,E,E,0.0
271,6,E,E,0.0
271,7,E,M,1.0
271,8,E,M,1.0
271,9,E,M,1.0
271,10,E,E,0.0
271,11,E,M,1.0
271,12,E,E,0.0
271,13,E,M,1.0
271,14,E,M,1.0
271,15,E,E,0.0
271,16,E,M,1.0
271,17,E,E,0.0
271,18,E,M,1.0
271,19,E,E,0.0
271,20,E,M,1.0
271,21,E,E,0.0
271,22,E,M,1.0
271,23,E,M,1.0
271,24,E,M,1.0
271,25,E,E,0.0
271,26,E,M,1.0
271,27,E,E,0.0
271,28,E,M,1.0
271,30,E,E,0.0
271,31,E,E,0.0
271,32,E,E,0.0
